device_id,timestamp,substrate_label,soil_moisture_vwc,soil_temp_c,ec_us_cm,light_par,air_humidity_pct,is_outlier,outlier_reason,time_diff,estimated_missing_readings
SENS-04,2026-06-01 00:00:00,potting_soil,105.02,18.17,697.0,0.0,55.8,True,soil_moisture_vwc_hard_range_violation;,,0
SENS-04,2026-06-01 00:15:00,potting_soil,103.24,18.95,727.0,0.0,67.1,True,soil_moisture_vwc_hard_range_violation;,0 days 00:15:00,0
SENS-04,2026-06-01 00:30:00,potting_soil,102.31,18.16,662.0,0.0,54.5,True,soil_moisture_vwc_hard_range_violation;,0 days 00:15:00,0
SENS-04,2026-06-01 00:45:00,potting_soil,100.31,18.18,682.0,0.0,67.4,True,soil_moisture_vwc_hard_range_violation;,0 days 00:15:00,0
SENS-04,2026-06-01 01:00:00,potting_soil,99.13,17.65,742.0,0.0,65.3,True,soil_moisture_vwc_hard_range_violation;,0 days 00:15:00,0
SENS-04,2026-06-01 01:15:00,potting_soil,97.66,17.33,665.0,0.0,59.3,True,soil_moisture_vwc_hard_range_violation;,0 days 00:15:00,0
SENS-04,2026-06-01 01:30:00,potting_soil,96.13,17.65,702.0,0.0,72.1,True,soil_moisture_vwc_hard_range_violation;,0 days 00:15:00,0
SENS-04,2026-06-01 01:45:00,potting_soil,94.51,18.21,719.0,0.0,68.4,True,soil_moisture_vwc_hard_range_violation;,0 days 00:15:00,0
SENS-04,2026-06-01 02:00:00,potting_soil,93.43,17.34,659.0,0.0,60.7,True,soil_moisture_vwc_hard_range_violation;,0 days 00:15:00,0
SENS-04,2026-06-01 02:15:00,potting_soil,92.42,18.21,629.0,0.0,67.3,True,soil_moisture_vwc_hard_range_violation;,0 days 00:15:00,0
SENS-04,2026-06-01 02:30:00,potting_soil,90.56,17.3,736.0,0.0,70.9,True,soil_moisture_vwc_hard_range_violation;,0 days 00:15:00,0
SENS-04,2026-06-01 02:45:00,potting_soil,89.88,17.08,815.0,0.0,75.1,True,soil_moisture_vwc_hard_range_violation;,0 days 00:15:00,0
SENS-04,2026-06-01 03:00:00,potting_soil,88.28,17.6,718.0,0.0,69.4,True,soil_moisture_vwc_hard_range_violation;,0 days 00:15:00,0
SENS-04,2026-06-01 03:15:00,potting_soil,87.33,17.78,726.0,0.0,63.2,True,soil_moisture_vwc_hard_range_violation;,0 days 00:15:00,0
SENS-04,2026-06-01 03:30:00,potting_soil,85.77,17.61,665.0,0.0,76.0,True,soil_moisture_vwc_hard_range_violation;,0 days 00:15:00,0
SENS-04,2026-06-01 03:45:00,potting_soil,84.52,17.63,759.0,0.0,73.5,True,soil_moisture_vwc_hard_range_violation;,0 days 00:15:00,0
SENS-04,2026-06-01 04:00:00,potting_soil,82.96,18.26,685.0,0.0,65.7,True,soil_moisture_vwc_hard_range_violation;,0 days 00:15:00,0
SENS-04,2026-06-01 04:15:00,potting_soil,81.72,17.72,747.0,0.0,73.7,True,soil_moisture_vwc_hard_range_violation;,0 days 00:15:00,0
SENS-04,2026-06-01 04:30:00,potting_soil,80.64,17.58,724.0,0.0,74.2,True,soil_moisture_vwc_hard_range_violation;,0 days 00:15:00,0
SENS-04,2026-06-03 00:00:00,potting_soil,105.23,17.82,660.0,0.0,58.5,True,soil_moisture_vwc_hard_range_violation;,0 days 00:15:00,0
SENS-04,2026-06-03 00:15:00,potting_soil,103.57,18.54,674.0,0.0,60.9,True,soil_moisture_vwc_hard_range_violation;,0 days 00:15:00,0
SENS-04,2026-06-03 00:30:00,potting_soil,102.04,18.63,632.0,0.0,56.4,True,soil_moisture_vwc_hard_range_violation;,0 days 00:15:00,0
SENS-04,2026-06-03 00:45:00,potting_soil,101.3,18.25,688.0,0.0,66.3,True,soil_moisture_vwc_hard_range_violation;,0 days 00:15:00,0
SENS-04,2026-06-03 01:00:00,potting_soil,100.38,18.19,698.0,0.0,68.0,True,soil_moisture_vwc_hard_range_violation;,0 days 00:15:00,0
SENS-04,2026-06-03 01:15:00,potting_soil,98.99,17.75,718.0,0.0,61.4,True,soil_moisture_vwc_hard_range_violation;,0 days 00:15:00,0
SENS-04,2026-06-03 01:30:00,potting_soil,97.89,17.95,707.0,0.0,69.5,True,soil_moisture_vwc_hard_range_violation;,0 days 00:15:00,0
SENS-04,2026-06-03 01:45:00,potting_soil,95.98,17.4,772.0,0.0,62.9,True,soil_moisture_vwc_hard_range_violation;,0 days 00:15:00,0
SENS-04,2026-06-03 02:00:00,potting_soil,94.86,17.39,732.0,0.0,69.6,True,soil_moisture_vwc_hard_range_violation;,0 days 00:15:00,0
SENS-04,2026-06-03 02:15:00,potting_soil,93.63,17.58,729.0,0.0,67.7,True,soil_moisture_vwc_hard_range_violation;,0 days 00:15:00,0
SENS-04,2026-06-03 02:30:00,potting_soil,92.29,16.91,715.0,0.0,73.3,True,soil_moisture_vwc_hard_range_violation;,0 days 00:15:00,0
SENS-04,2026-06-03 02:45:00,potting_soil,91.14,17.74,721.0,0.0,70.7,True,soil_moisture_vwc_hard_range_violation;,0 days 00:15:00,0
SENS-04,2026-06-03 03:00:00,potting_soil,89.94,16.51,691.0,0.0,73.4,True,soil_moisture_vwc_hard_range_violation;,0 days 00:15:00,0
SENS-04,2026-06-03 03:15:00,potting_soil,88.28,17.65,704.0,0.0,74.9,True,soil_moisture_vwc_hard_range_violation;,0 days 00:15:00,0
SENS-04,2026-06-03 03:30:00,potting_soil,87.85,17.71,777.0,0.0,70.8,True,soil_moisture_vwc_hard_range_violation;,0 days 00:15:00,0
SENS-04,2026-06-03 03:45:00,potting_soil,87.13,17.25,697.0,0.0,72.0,True,soil_moisture_vwc_hard_range_violation;,0 days 00:15:00,0
SENS-04,2026-06-03 04:00:00,potting_soil,85.89,17.13,647.0,0.0,69.1,True,soil_moisture_vwc_hard_range_violation;,0 days 00:15:00,0
SENS-04,2026-06-03 04:15:00,potting_soil,84.11,17.52,728.0,0.0,71.8,True,soil_moisture_vwc_hard_range_violation;,0 days 00:15:00,0
SENS-04,2026-06-03 04:30:00,potting_soil,82.09,18.02,735.0,0.0,78.6,True,soil_moisture_vwc_hard_range_violation;,0 days 00:15:00,0
SENS-04,2026-06-03 04:45:00,potting_soil,81.88,18.0,706.0,0.0,75.2,True,soil_moisture_vwc_hard_range_violation;,0 days 00:15:00,0
SENS-04,2026-06-03 05:00:00,potting_soil,80.81,17.52,625.0,0.0,69.9,True,soil_moisture_vwc_hard_range_violation;,0 days 00:15:00,0
SENS-04,2026-06-03 05:15:00,potting_soil,80.12,18.13,751.0,0.0,77.9,True,soil_moisture_vwc_hard_range_violation;,0 days 00:15:00,0
SENS-04,2026-06-05 00:00:00,potting_soil,107.04,19.66,633.0,0.0,56.1,True,soil_moisture_vwc_hard_range_violation;,0 days 00:15:00,0
SENS-04,2026-06-05 00:15:00,potting_soil,105.66,17.77,666.0,0.0,58.6,True,soil_moisture_vwc_hard_range_violation;,0 days 00:15:00,0
SENS-04,2026-06-05 00:30:00,potting_soil,104.89,18.29,708.0,0.0,60.2,True,soil_moisture_vwc_hard_range_violation;,0 days 00:15:00,0
SENS-04,2026-06-05 00:45:00,potting_soil,103.03,18.24,646.0,0.0,64.1,True,soil_moisture_vwc_hard_range_violation;,0 days 00:15:00,0
SENS-04,2026-06-05 01:00:00,potting_soil,101.67,18.17,749.0,0.0,63.5,True,soil_moisture_vwc_hard_range_violation;,0 days 00:15:00,0
SENS-04,2026-06-05 01:15:00,potting_soil,99.95,17.47,721.0,0.0,63.0,True,soil_moisture_vwc_hard_range_violation;,0 days 00:15:00,0
SENS-04,2026-06-05 01:30:00,potting_soil,99.16,17.97,664.0,0.0,62.9,True,soil_moisture_vwc_hard_range_violation;,0 days 00:15:00,0
SENS-04,2026-06-05 01:45:00,potting_soil,98.05,17.47,641.0,0.0,64.8,True,soil_moisture_vwc_hard_range_violation;,0 days 00:15:00,0
SENS-04,2026-06-05 02:00:00,potting_soil,97.27,17.05,671.0,0.0,66.0,True,soil_moisture_vwc_hard_range_violation;,0 days 00:15:00,0
SENS-04,2026-06-05 02:15:00,potting_soil,95.47,17.95,664.0,0.0,66.3,True,soil_moisture_vwc_hard_range_violation;,0 days 00:15:00,0
SENS-04,2026-06-05 02:30:00,potting_soil,94.01,17.8,651.0,0.0,71.3,True,soil_moisture_vwc_hard_range_violation;,0 days 00:15:00,0
SENS-04,2026-06-05 02:45:00,potting_soil,92.1,17.12,644.0,0.0,74.1,True,soil_moisture_vwc_hard_range_violation;,0 days 00:15:00,0
SENS-04,2026-06-05 03:00:00,potting_soil,91.08,17.28,691.0,0.0,67.1,True,soil_moisture_vwc_hard_range_violation;,0 days 00:15:00,0
SENS-04,2026-06-05 03:15:00,potting_soil,89.76,17.28,729.0,0.0,74.5,True,soil_moisture_vwc_hard_range_violation;,0 days 00:15:00,0
SENS-04,2026-06-05 03:30:00,potting_soil,88.94,16.87,672.0,0.0,73.7,True,soil_moisture_vwc_hard_range_violation;,0 days 00:15:00,0
SENS-04,2026-06-05 03:45:00,potting_soil,87.83,17.87,718.0,0.0,72.6,True,soil_moisture_vwc_hard_range_violation;,0 days 00:15:00,0
SENS-04,2026-06-05 04:00:00,potting_soil,85.88,17.94,687.0,0.0,77.0,True,soil_moisture_vwc_hard_range_violation;,0 days 00:15:00,0
SENS-04,2026-06-05 04:15:00,potting_soil,84.15,17.55,724.0,0.0,72.1,True,soil_moisture_vwc_hard_range_violation;,0 days 00:15:00,0
SENS-04,2026-06-05 04:30:00,potting_soil,83.14,17.76,669.0,0.0,74.1,True,soil_moisture_vwc_hard_range_violation;,0 days 00:15:00,0
SENS-04,2026-06-05 04:45:00,potting_soil,82.3,17.91,711.0,0.0,73.3,True,soil_moisture_vwc_hard_range_violation;,0 days 00:15:00,0
SENS-04,2026-06-05 05:00:00,potting_soil,80.4,18.07,705.0,0.0,73.1,True,soil_moisture_vwc_hard_range_violation;,0 days 00:15:00,0
SENS-04,2026-06-07 00:00:00,potting_soil,104.93,18.42,629.0,0.0,59.4,True,soil_moisture_vwc_hard_range_violation;,0 days 00:15:00,0
SENS-04,2026-06-07 00:15:00,potting_soil,103.45,18.12,760.0,0.0,62.1,True,soil_moisture_vwc_hard_range_violation;,0 days 00:15:00,0
SENS-04,2026-06-07 00:30:00,potting_soil,102.88,17.88,565.0,0.0,60.9,True,soil_moisture_vwc_hard_range_violation;,0 days 00:15:00,0
SENS-04,2026-06-07 00:45:00,potting_soil,101.48,17.66,697.0,0.0,63.9,True,soil_moisture_vwc_hard_range_violation;,0 days 00:15:00,0
SENS-04,2026-06-07 01:00:00,potting_soil,100.15,17.61,709.0,0.0,66.8,True,soil_moisture_vwc_hard_range_violation;,0 days 00:15:00,0
SENS-04,2026-06-07 01:15:00,potting_soil,99.49,18.27,608.0,0.0,61.0,True,soil_moisture_vwc_hard_range_violation;,0 days 00:15:00,0
SENS-04,2026-06-07 01:30:00,potting_soil,97.84,18.49,718.0,0.0,63.9,True,soil_moisture_vwc_hard_range_violation;,0 days 00:15:00,0
SENS-04,2026-06-07 01:45:00,potting_soil,96.61,18.43,673.0,0.0,69.4,True,soil_moisture_vwc_hard_range_violation;,0 days 00:15:00,0
SENS-04,2026-06-07 02:00:00,potting_soil,95.59,17.89,690.0,0.0,66.1,True,soil_moisture_vwc_hard_range_violation;,0 days 00:15:00,0
SENS-04,2026-06-07 02:15:00,potting_soil,94.53,17.37,754.0,0.0,68.3,True,soil_moisture_vwc_hard_range_violation;,0 days 00:15:00,0
SENS-04,2026-06-07 02:30:00,potting_soil,93.35,17.26,706.0,0.0,67.9,True,soil_moisture_vwc_hard_range_violation;,0 days 00:15:00,0
SENS-04,2026-06-07 02:45:00,potting_soil,92.13,17.81,686.0,0.0,68.7,True,soil_moisture_vwc_hard_range_violation;,0 days 00:15:00,0
SENS-04,2026-06-07 03:00:00,potting_soil,91.3,17.4,693.0,0.0,69.1,True,soil_moisture_vwc_hard_range_violation;,0 days 00:15:00,0
SENS-04,2026-06-07 03:15:00,potting_soil,90.22,17.67,771.0,0.0,67.4,True,soil_moisture_vwc_hard_range_violation;,0 days 00:15:00,0
SENS-04,2026-06-07 03:30:00,potting_soil,89.47,18.3,716.0,0.0,73.0,True,soil_moisture_vwc_hard_range_violation;,0 days 00:15:00,0
SENS-04,2026-06-07 03:45:00,potting_soil,88.5,17.65,665.0,0.0,75.2,True,soil_moisture_vwc_hard_range_violation;,0 days 00:15:00,0
SENS-04,2026-06-07 04:00:00,potting_soil,87.66,18.53,680.0,0.0,71.9,True,soil_moisture_vwc_hard_range_violation;,0 days 00:15:00,0
SENS-04,2026-06-07 04:15:00,potting_soil,87.01,17.23,652.0,0.0,75.5,True,soil_moisture_vwc_hard_range_violation;,0 days 00:15:00,0
SENS-04,2026-06-07 04:30:00,potting_soil,85.8,17.95,682.0,0.0,71.4,True,soil_moisture_vwc_hard_range_violation;,0 days 00:15:00,0
SENS-04,2026-06-07 04:45:00,potting_soil,85.18,17.99,764.0,0.0,71.3,True,soil_moisture_vwc_hard_range_violation;,0 days 00:15:00,0
SENS-04,2026-06-07 05:00:00,potting_soil,84.06,17.58,693.0,0.0,74.2,True,soil_moisture_vwc_hard_range_violation;,0 days 00:15:00,0
SENS-04,2026-06-07 05:15:00,potting_soil,82.46,18.41,647.0,0.0,74.2,True,soil_moisture_vwc_hard_range_violation;,0 days 00:15:00,0
SENS-04,2026-06-07 05:30:00,potting_soil,81.31,18.84,717.0,0.0,72.5,True,soil_moisture_vwc_hard_range_violation;,0 days 00:15:00,0
SENS-04,2026-06-07 05:45:00,potting_soil,80.03,19.25,684.0,0.0,74.7,True,soil_moisture_vwc_hard_range_violation;,0 days 00:15:00,0
SENS-04,2026-06-09 00:00:00,potting_soil,102.03,18.52,796.0,0.0,56.5,True,soil_moisture_vwc_hard_range_violation;,0 days 00:15:00,0
SENS-04,2026-06-09 00:15:00,potting_soil,100.77,19.03,731.0,0.0,56.9,True,soil_moisture_vwc_hard_range_violation;,0 days 00:15:00,0
SENS-04,2026-06-09 00:30:00,potting_soil,99.65,18.76,666.0,0.0,67.6,True,soil_moisture_vwc_hard_range_violation;,0 days 00:15:00,0
SENS-04,2026-06-09 00:45:00,potting_soil,98.11,17.88,733.0,0.0,63.0,True,soil_moisture_vwc_hard_range_violation;,0 days 00:15:00,0
SENS-04,2026-06-09 01:00:00,potting_soil,96.65,18.54,721.0,0.0,60.6,True,soil_moisture_vwc_hard_range_violation;,0 days 00:15:00,0
SENS-04,2026-06-09 01:15:00,potting_soil,95.26,17.5,711.0,0.0,68.0,True,soil_moisture_vwc_hard_range_violation;,0 days 00:15:00,0
SENS-04,2026-06-09 01:30:00,potting_soil,93.93,17.69,728.0,0.0,64.5,True,soil_moisture_vwc_hard_range_violation;,0 days 00:15:00,0
SENS-04,2026-06-09 01:45:00,potting_soil,93.6,16.97,702.0,0.0,64.9,True,soil_moisture_vwc_hard_range_violation;,0 days 00:15:00,0
SENS-04,2026-06-09 02:00:00,potting_soil,92.54,17.68,707.0,0.0,73.9,True,soil_moisture_vwc_hard_range_violation;,0 days 00:15:00,0
SENS-04,2026-06-09 02:15:00,potting_soil,91.38,17.45,638.0,0.0,64.5,True,soil_moisture_vwc_hard_range_violation;,0 days 00:15:00,0
SENS-04,2026-06-09 02:30:00,potting_soil,89.72,17.35,758.0,0.0,70.0,True,soil_moisture_vwc_hard_range_violation;,0 days 00:15:00,0
SENS-04,2026-06-09 02:45:00,potting_soil,88.1,17.44,682.0,0.0,68.2,True,soil_moisture_vwc_hard_range_violation;,0 days 00:15:00,0
SENS-04,2026-06-09 03:00:00,potting_soil,86.92,17.27,651.0,0.0,68.3,True,soil_moisture_vwc_hard_range_violation;,0 days 00:15:00,0
SENS-04,2026-06-09 03:15:00,potting_soil,86.28,17.52,680.0,0.0,66.8,True,soil_moisture_vwc_hard_range_violation;,0 days 00:15:00,0
SENS-04,2026-06-09 03:30:00,potting_soil,85.13,18.04,681.0,0.0,71.8,True,soil_moisture_vwc_hard_range_violation;,0 days 00:15:00,0
SENS-04,2026-06-09 03:45:00,potting_soil,84.01,17.14,668.0,0.0,69.4,True,soil_moisture_vwc_hard_range_violation;,0 days 00:15:00,0
SENS-04,2026-06-09 04:00:00,potting_soil,82.67,17.96,731.0,0.0,74.2,True,soil_moisture_vwc_hard_range_violation;,0 days 00:15:00,0
SENS-04,2026-06-09 04:15:00,potting_soil,80.96,17.77,739.0,0.0,72.5,True,soil_moisture_vwc_hard_range_violation;,0 days 00:15:00,0
SENS-04,2026-06-09 04:30:00,potting_soil,80.14,17.92,622.0,0.0,71.9,True,soil_moisture_vwc_hard_range_violation;,0 days 00:15:00,0
SENS-04,2026-06-11 00:00:00,potting_soil,103.55,18.77,653.0,0.0,60.4,True,soil_moisture_vwc_hard_range_violation;,0 days 00:15:00,0
SENS-04,2026-06-11 00:15:00,potting_soil,101.9,18.29,740.0,0.0,61.1,True,soil_moisture_vwc_hard_range_violation;,0 days 00:15:00,0
SENS-04,2026-06-11 00:30:00,potting_soil,100.34,18.57,773.0,0.0,66.6,True,soil_moisture_vwc_hard_range_violation;,0 days 00:15:00,0
SENS-04,2026-06-11 00:45:00,potting_soil,99.35,18.66,640.0,0.0,60.9,True,soil_moisture_vwc_hard_range_violation;,0 days 00:15:00,0
SENS-04,2026-06-11 01:00:00,potting_soil,98.23,17.27,742.0,0.0,59.3,True,soil_moisture_vwc_hard_range_violation;,0 days 00:15:00,0
SENS-04,2026-06-11 01:15:00,potting_soil,97.2,17.68,690.0,0.0,61.6,True,soil_moisture_vwc_hard_range_violation;,0 days 00:15:00,0
SENS-04,2026-06-11 01:30:00,potting_soil,95.97,17.28,751.0,0.0,64.1,True,soil_moisture_vwc_hard_range_violation;,0 days 00:15:00,0
SENS-04,2026-06-11 01:45:00,potting_soil,94.49,18.55,627.0,0.0,70.1,True,soil_moisture_vwc_hard_range_violation;,0 days 00:15:00,0
SENS-04,2026-06-11 02:00:00,potting_soil,92.98,17.44,709.0,0.0,63.8,True,soil_moisture_vwc_hard_range_violation;,0 days 00:15:00,0
SENS-04,2026-06-11 02:15:00,potting_soil,91.98,17.04,684.0,0.0,65.0,True,soil_moisture_vwc_hard_range_violation;,0 days 00:15:00,0
SENS-04,2026-06-11 02:30:00,potting_soil,91.45,18.43,726.0,0.0,70.5,True,soil_moisture_vwc_hard_range_violation;,0 days 00:15:00,0
SENS-04,2026-06-11 02:45:00,potting_soil,89.92,17.22,702.0,0.0,72.5,True,soil_moisture_vwc_hard_range_violation;,0 days 00:15:00,0
SENS-04,2026-06-11 03:00:00,potting_soil,88.38,16.85,701.0,0.0,65.9,True,soil_moisture_vwc_hard_range_violation;,0 days 00:15:00,0
SENS-04,2026-06-11 03:15:00,potting_soil,86.82,17.04,696.0,0.0,65.8,True,soil_moisture_vwc_hard_range_violation;,0 days 00:15:00,0
SENS-04,2026-06-11 03:30:00,potting_soil,86.07,17.59,762.0,0.0,69.3,True,soil_moisture_vwc_hard_range_violation;,0 days 00:15:00,0
SENS-04,2026-06-11 03:45:00,potting_soil,84.98,17.59,693.0,0.0,74.0,True,soil_moisture_vwc_hard_range_violation;,0 days 00:15:00,0
SENS-04,2026-06-11 04:00:00,potting_soil,84.15,17.28,735.0,0.0,72.8,True,soil_moisture_vwc_hard_range_violation;,0 days 00:15:00,0
SENS-04,2026-06-11 04:15:00,potting_soil,82.91,17.49,725.0,0.0,70.4,True,soil_moisture_vwc_hard_range_violation;,0 days 00:15:00,0
SENS-04,2026-06-11 04:30:00,potting_soil,82.13,17.79,736.0,0.0,75.1,True,soil_moisture_vwc_hard_range_violation;,0 days 00:15:00,0
SENS-04,2026-06-11 04:45:00,potting_soil,81.01,18.39,659.0,0.0,73.3,True,soil_moisture_vwc_hard_range_violation;,0 days 00:15:00,0
SENS-04,2026-06-13 00:00:00,potting_soil,106.72,18.58,701.0,0.0,59.6,True,soil_moisture_vwc_hard_range_violation;,0 days 00:15:00,0
SENS-04,2026-06-13 00:15:00,potting_soil,105.5,18.22,686.0,0.0,57.6,True,soil_moisture_vwc_hard_range_violation;,0 days 00:15:00,0
SENS-04,2026-06-13 00:30:00,potting_soil,103.83,17.84,690.0,0.0,64.3,True,soil_moisture_vwc_hard_range_violation;,0 days 00:15:00,0
SENS-04,2026-06-13 00:45:00,potting_soil,102.71,17.6,704.0,0.0,66.5,True,soil_moisture_vwc_hard_range_violation;,0 days 00:15:00,0
SENS-04,2026-06-13 01:00:00,potting_soil,101.3,18.1,697.0,0.0,63.7,True,soil_moisture_vwc_hard_range_violation;,0 days 00:15:00,0
SENS-04,2026-06-13 01:15:00,potting_soil,99.67,18.06,703.0,0.0,68.0,True,soil_moisture_vwc_hard_range_violation;,0 days 00:15:00,0
SENS-04,2026-06-13 01:30:00,potting_soil,98.71,17.71,684.0,0.0,63.0,True,soil_moisture_vwc_hard_range_violation;,0 days 00:15:00,0
SENS-04,2026-06-13 01:45:00,potting_soil,96.55,17.68,714.0,0.0,68.6,True,soil_moisture_vwc_hard_range_violation;,0 days 00:15:00,0
SENS-04,2026-06-13 02:00:00,potting_soil,95.1,17.33,671.0,0.0,68.2,True,soil_moisture_vwc_hard_range_violation;,0 days 00:15:00,0
SENS-04,2026-06-13 02:15:00,potting_soil,94.14,17.77,656.0,0.0,66.2,True,soil_moisture_vwc_hard_range_violation;,0 days 00:15:00,0
SENS-04,2026-06-13 02:30:00,potting_soil,93.43,17.55,664.0,0.0,75.4,True,soil_moisture_vwc_hard_range_violation;,0 days 00:15:00,0
SENS-04,2026-06-13 02:45:00,potting_soil,92.43,17.36,673.0,0.0,70.7,True,soil_moisture_vwc_hard_range_violation;,0 days 00:15:00,0
SENS-04,2026-06-13 03:00:00,potting_soil,91.0,17.85,648.0,0.0,68.8,True,soil_moisture_vwc_hard_range_violation;,0 days 00:15:00,0
SENS-04,2026-06-13 03:15:00,potting_soil,89.83,17.77,632.0,0.0,71.2,True,soil_moisture_vwc_hard_range_violation;,0 days 00:15:00,0
SENS-04,2026-06-13 03:30:00,potting_soil,88.82,16.92,720.0,0.0,69.0,True,soil_moisture_vwc_hard_range_violation;,0 days 00:15:00,0
SENS-04,2026-06-13 03:45:00,potting_soil,88.33,17.59,751.0,0.0,68.6,True,soil_moisture_vwc_hard_range_violation;,0 days 00:15:00,0
SENS-04,2026-06-13 04:00:00,potting_soil,87.59,17.24,722.0,0.0,71.0,True,soil_moisture_vwc_hard_range_violation;,0 days 00:15:00,0
SENS-04,2026-06-13 04:15:00,potting_soil,86.87,17.74,681.0,0.0,71.5,True,soil_moisture_vwc_hard_range_violation;,0 days 00:15:00,0
SENS-04,2026-06-13 04:30:00,potting_soil,85.81,16.51,631.0,0.0,70.4,True,soil_moisture_vwc_hard_range_violation;,0 days 00:15:00,0
SENS-04,2026-06-13 04:45:00,potting_soil,84.31,17.94,708.0,0.0,76.7,True,soil_moisture_vwc_hard_range_violation;,0 days 00:15:00,0
SENS-04,2026-06-13 05:00:00,potting_soil,82.71,18.25,636.0,0.0,70.7,True,soil_moisture_vwc_hard_range_violation;,0 days 00:15:00,0
SENS-04,2026-06-13 05:15:00,potting_soil,81.57,18.05,697.0,0.0,70.2,True,soil_moisture_vwc_hard_range_violation;,0 days 00:15:00,0
SENS-04,2026-06-13 05:30:00,potting_soil,80.85,17.76,668.0,6.3,69.3,True,soil_moisture_vwc_hard_range_violation;,0 days 00:15:00,0
SENS-04,2026-06-15 00:00:00,potting_soil,106.82,18.69,651.0,0.0,62.8,True,soil_moisture_vwc_hard_range_violation;,0 days 00:15:00,0
SENS-04,2026-06-15 00:15:00,potting_soil,106.0,19.02,701.0,0.0,60.6,True,soil_moisture_vwc_hard_range_violation;,0 days 00:15:00,0
SENS-04,2026-06-15 00:30:00,potting_soil,104.57,18.21,753.0,0.0,65.2,True,soil_moisture_vwc_hard_range_violation;,0 days 00:15:00,0
SENS-04,2026-06-15 00:45:00,potting_soil,103.82,18.33,764.0,0.0,64.3,True,soil_moisture_vwc_hard_range_violation;,0 days 00:15:00,0
SENS-04,2026-06-15 01:00:00,potting_soil,102.47,18.25,671.0,0.0,62.7,True,soil_moisture_vwc_hard_range_violation;,0 days 00:15:00,0
SENS-04,2026-06-15 01:15:00,potting_soil,100.93,17.49,684.0,0.0,66.1,True,soil_moisture_vwc_hard_range_violation;,0 days 00:15:00,0
SENS-04,2026-06-15 01:30:00,potting_soil,99.51,17.78,815.0,0.0,68.6,True,soil_moisture_vwc_hard_range_violation;,0 days 00:15:00,0
SENS-04,2026-06-15 01:45:00,potting_soil,98.29,16.95,678.0,0.0,62.9,True,soil_moisture_vwc_hard_range_violation;,0 days 00:15:00,0
SENS-04,2026-06-15 02:00:00,potting_soil,96.72,17.57,727.0,0.0,64.5,True,soil_moisture_vwc_hard_range_violation;,0 days 00:15:00,0
SENS-04,2026-06-15 02:15:00,potting_soil,95.28,17.46,682.0,0.0,68.1,True,soil_moisture_vwc_hard_range_violation;,0 days 00:15:00,0
SENS-04,2026-06-15 02:30:00,potting_soil,93.48,17.39,719.0,0.0,65.6,True,soil_moisture_vwc_hard_range_violation;,0 days 00:15:00,0
SENS-04,2026-06-15 02:45:00,potting_soil,91.97,17.34,665.0,0.0,66.3,True,soil_moisture_vwc_hard_range_violation;,0 days 00:15:00,0
SENS-04,2026-06-15 03:00:00,potting_soil,90.9,17.7,666.0,0.0,69.3,True,soil_moisture_vwc_hard_range_violation;,0 days 00:15:00,0
SENS-04,2026-06-15 03:15:00,potting_soil,90.17,17.15,685.0,0.0,74.1,True,soil_moisture_vwc_hard_range_violation;,0 days 00:15:00,0
SENS-04,2026-06-15 03:30:00,potting_soil,89.4,18.27,678.0,0.0,74.5,True,soil_moisture_vwc_hard_range_violation;,0 days 00:15:00,0
SENS-04,2026-06-15 03:45:00,potting_soil,88.45,17.79,688.0,0.0,73.0,True,soil_moisture_vwc_hard_range_violation;,0 days 00:15:00,0
SENS-04,2026-06-15 04:00:00,potting_soil,86.73,17.3,721.0,0.0,72.9,True,soil_moisture_vwc_hard_range_violation;,0 days 00:15:00,0
SENS-04,2026-06-15 04:15:00,potting_soil,85.31,17.94,776.0,0.0,78.9,True,soil_moisture_vwc_hard_range_violation;,0 days 00:15:00,0
SENS-04,2026-06-15 04:30:00,potting_soil,84.17,18.16,676.0,0.0,71.2,True,soil_moisture_vwc_hard_range_violation;,0 days 00:15:00,0
SENS-04,2026-06-15 04:45:00,potting_soil,83.51,18.01,660.0,0.0,73.7,True,soil_moisture_vwc_hard_range_violation;,0 days 00:15:00,0
SENS-04,2026-06-15 05:00:00,potting_soil,82.26,17.57,700.0,0.0,71.2,True,soil_moisture_vwc_hard_range_violation;,0 days 00:15:00,0
SENS-04,2026-06-15 05:15:00,potting_soil,80.76,18.98,666.0,0.0,69.1,True,soil_moisture_vwc_hard_range_violation;,0 days 00:15:00,0
SENS-04,2026-06-15 05:30:00,potting_soil,80.35,18.48,635.0,0.0,76.4,True,soil_moisture_vwc_hard_range_violation;,0 days 00:15:00,0
SENS-04,2026-06-17 00:00:00,potting_soil,107.12,18.33,714.0,0.0,61.6,True,soil_moisture_vwc_hard_range_violation;,0 days 00:15:00,0
SENS-04,2026-06-17 00:15:00,potting_soil,105.97,17.47,655.0,0.0,73.0,True,soil_moisture_vwc_hard_range_violation;,0 days 00:15:00,0
SENS-04,2026-06-17 00:30:00,potting_soil,104.33,17.76,625.0,0.0,65.4,True,soil_moisture_vwc_hard_range_violation;,0 days 00:15:00,0
SENS-04,2026-06-17 00:45:00,potting_soil,103.03,18.57,700.0,0.0,63.7,True,soil_moisture_vwc_hard_range_violation;,0 days 00:15:00,0
SENS-04,2026-06-17 01:00:00,potting_soil,101.94,18.06,624.0,0.0,65.5,True,soil_moisture_vwc_hard_range_violation;,0 days 00:15:00,0
SENS-04,2026-06-17 01:15:00,potting_soil,100.41,17.72,738.0,0.0,66.4,True,soil_moisture_vwc_hard_range_violation;,0 days 00:15:00,0
SENS-04,2026-06-17 01:30:00,potting_soil,98.71,17.6,657.0,0.0,65.7,True,soil_moisture_vwc_hard_range_violation;,0 days 00:15:00,0
SENS-04,2026-06-17 01:45:00,potting_soil,97.59,17.39,789.0,0.0,69.1,True,soil_moisture_vwc_hard_range_violation;,0 days 00:15:00,0
SENS-04,2026-06-17 02:00:00,potting_soil,96.29,17.14,662.0,0.0,67.3,True,soil_moisture_vwc_hard_range_violation;,0 days 00:15:00,0
SENS-04,2026-06-17 02:15:00,potting_soil,95.11,18.4,719.0,0.0,65.5,True,soil_moisture_vwc_hard_range_violation;,0 days 00:15:00,0
SENS-04,2026-06-17 02:30:00,potting_soil,94.16,18.22,671.0,0.0,70.7,True,soil_moisture_vwc_hard_range_violation;,0 days 00:15:00,0
SENS-04,2026-06-17 02:45:00,potting_soil,93.49,17.18,693.0,0.0,71.8,True,soil_moisture_vwc_hard_range_violation;,0 days 00:15:00,0
SENS-04,2026-06-17 03:00:00,potting_soil,92.57,16.8,707.0,0.0,70.2,True,soil_moisture_vwc_hard_range_violation;,0 days 00:15:00,0
SENS-04,2026-06-17 03:15:00,potting_soil,91.61,17.58,734.0,0.0,72.1,True,soil_moisture_vwc_hard_range_violation;,0 days 00:15:00,0
SENS-04,2026-06-17 03:30:00,potting_soil,90.25,17.47,741.0,0.0,74.5,True,soil_moisture_vwc_hard_range_violation;,0 days 00:15:00,0
SENS-04,2026-06-17 03:45:00,potting_soil,88.98,17.82,729.0,0.0,71.9,True,soil_moisture_vwc_hard_range_violation;,0 days 00:15:00,0
SENS-04,2026-06-17 04:00:00,potting_soil,88.05,17.96,742.0,0.0,71.0,True,soil_moisture_vwc_hard_range_violation;,0 days 00:15:00,0
SENS-04,2026-06-17 04:15:00,potting_soil,86.8,17.22,675.0,0.0,70.5,True,soil_moisture_vwc_hard_range_violation;,0 days 00:15:00,0
SENS-04,2026-06-17 04:30:00,potting_soil,85.9,18.28,726.0,0.0,72.1,True,soil_moisture_vwc_hard_range_violation;,0 days 00:15:00,0
SENS-04,2026-06-17 04:45:00,potting_soil,84.5,17.72,686.0,0.0,77.6,True,soil_moisture_vwc_hard_range_violation;,0 days 00:15:00,0
SENS-04,2026-06-17 05:00:00,potting_soil,84.23,18.21,739.0,0.0,72.4,True,soil_moisture_vwc_hard_range_violation;,0 days 00:15:00,0
SENS-04,2026-06-17 05:15:00,potting_soil,83.26,17.99,705.0,0.0,74.0,True,soil_moisture_vwc_hard_range_violation;,0 days 00:15:00,0
SENS-04,2026-06-17 05:30:00,potting_soil,82.29,18.59,725.0,9.7,71.9,True,soil_moisture_vwc_hard_range_violation;,0 days 00:15:00,0
SENS-04,2026-06-17 05:45:00,potting_soil,81.08,17.42,712.0,0.0,71.4,True,soil_moisture_vwc_hard_range_violation;,0 days 00:15:00,0
SENS-04,2026-06-17 06:00:00,potting_soil,80.85,18.82,730.0,2.9,69.7,True,soil_moisture_vwc_hard_range_violation;,0 days 00:15:00,0
SENS-04,2026-06-19 00:00:00,potting_soil,102.21,18.15,765.0,0.0,62.8,True,soil_moisture_vwc_hard_range_violation;,0 days 00:15:00,0
SENS-04,2026-06-19 00:15:00,potting_soil,100.84,17.94,620.0,0.0,59.2,True,soil_moisture_vwc_hard_range_violation;,0 days 00:15:00,0
SENS-04,2026-06-19 00:30:00,potting_soil,99.62,18.33,697.0,0.0,63.4,True,soil_moisture_vwc_hard_range_violation;,0 days 00:15:00,0
SENS-04,2026-06-19 00:45:00,potting_soil,98.47,18.18,664.0,0.0,65.0,True,soil_moisture_vwc_hard_range_violation;,0 days 00:15:00,0
SENS-04,2026-06-19 01:00:00,potting_soil,96.65,17.74,718.0,0.0,66.5,True,soil_moisture_vwc_hard_range_violation;,0 days 00:15:00,0
SENS-04,2026-06-19 01:15:00,potting_soil,94.52,18.22,728.0,0.0,67.3,True,soil_moisture_vwc_hard_range_violation;,0 days 00:15:00,0
SENS-04,2026-06-19 01:30:00,potting_soil,94.08,17.91,681.0,0.0,56.2,True,soil_moisture_vwc_hard_range_violation;,0 days 00:15:00,0
SENS-04,2026-06-19 01:45:00,potting_soil,92.24,18.06,679.0,0.0,66.7,True,soil_moisture_vwc_hard_range_violation;,0 days 00:15:00,0
SENS-04,2026-06-19 02:00:00,potting_soil,91.7,18.1,708.0,0.0,66.0,True,soil_moisture_vwc_hard_range_violation;,0 days 00:15:00,0
SENS-04,2026-06-19 02:15:00,potting_soil,90.74,16.71,649.0,0.0,67.4,True,soil_moisture_vwc_hard_range_violation;,0 days 00:15:00,0
SENS-04,2026-06-19 02:30:00,potting_soil,89.64,17.8,713.0,0.0,68.4,True,soil_moisture_vwc_hard_range_violation;,0 days 00:15:00,0
SENS-04,2026-06-19 02:45:00,potting_soil,88.31,16.99,667.0,0.0,72.9,True,soil_moisture_vwc_hard_range_violation;,0 days 00:15:00,0
SENS-04,2026-06-19 03:00:00,potting_soil,88.1,17.6,729.0,0.0,71.2,True,soil_moisture_vwc_hard_range_violation;,0 days 00:15:00,0
SENS-04,2026-06-19 03:15:00,potting_soil,86.7,17.48,647.0,0.0,69.6,True,soil_moisture_vwc_hard_range_violation;,0 days 00:15:00,0
SENS-04,2026-06-19 03:30:00,potting_soil,85.33,17.52,677.0,0.0,67.2,True,soil_moisture_vwc_hard_range_violation;,0 days 00:15:00,0
SENS-04,2026-06-19 03:45:00,potting_soil,84.52,17.09,670.0,0.0,76.6,True,soil_moisture_vwc_hard_range_violation;,0 days 00:15:00,0
SENS-04,2026-06-19 04:00:00,potting_soil,83.18,18.03,688.0,0.0,70.4,True,soil_moisture_vwc_hard_range_violation;,0 days 00:15:00,0
SENS-04,2026-06-19 04:15:00,potting_soil,81.73,17.17,755.0,0.0,72.3,True,soil_moisture_vwc_hard_range_violation;,0 days 00:15:00,0
SENS-04,2026-06-19 04:30:00,potting_soil,80.68,18.07,734.0,0.0,79.3,True,soil_moisture_vwc_hard_range_violation;,0 days 00:15:00,0
SENS-04,2026-06-21 00:00:00,potting_soil,107.0,18.16,658.0,0.0,59.9,True,soil_moisture_vwc_hard_range_violation;,0 days 00:15:00,0
SENS-04,2026-06-21 00:15:00,potting_soil,105.97,18.78,679.0,0.0,60.8,True,soil_moisture_vwc_hard_range_violation;,0 days 00:15:00,0
SENS-04,2026-06-21 00:30:00,potting_soil,104.5,18.38,760.0,0.0,59.3,True,soil_moisture_vwc_hard_range_violation;,0 days 00:15:00,0
SENS-04,2026-06-21 00:45:00,potting_soil,102.95,17.39,683.0,0.0,65.1,True,soil_moisture_vwc_hard_range_violation;,0 days 00:15:00,0
SENS-04,2026-06-21 01:00:00,potting_soil,101.78,17.65,639.0,0.0,61.7,True,soil_moisture_vwc_hard_range_violation;,0 days 00:15:00,0
SENS-04,2026-06-21 01:15:00,potting_soil,100.04,16.65,707.0,0.0,61.1,True,soil_moisture_vwc_hard_range_violation;,0 days 00:15:00,0
SENS-04,2026-06-21 01:30:00,potting_soil,99.47,17.9,692.0,0.0,61.1,True,soil_moisture_vwc_hard_range_violation;,0 days 00:15:00,0
SENS-04,2026-06-21 01:45:00,potting_soil,98.27,17.26,669.0,0.0,72.0,True,soil_moisture_vwc_hard_range_violation;,0 days 00:15:00,0
SENS-04,2026-06-21 02:00:00,potting_soil,96.78,17.67,676.0,0.0,66.2,True,soil_moisture_vwc_hard_range_violation;,0 days 00:15:00,0
SENS-04,2026-06-21 02:15:00,potting_soil,95.38,18.6,743.0,0.0,67.1,True,soil_moisture_vwc_hard_range_violation;,0 days 00:15:00,0
SENS-04,2026-06-21 02:30:00,potting_soil,94.18,18.17,644.0,0.0,66.2,True,soil_moisture_vwc_hard_range_violation;,0 days 00:15:00,0
SENS-04,2026-06-21 02:45:00,potting_soil,93.38,17.2,633.0,0.0,74.1,True,soil_moisture_vwc_hard_range_violation;,0 days 00:15:00,0
SENS-04,2026-06-21 03:00:00,potting_soil,91.84,17.1,719.0,0.0,66.4,True,soil_moisture_vwc_hard_range_violation;,0 days 00:15:00,0
SENS-04,2026-06-21 03:15:00,potting_soil,90.53,18.02,675.0,0.0,67.5,True,soil_moisture_vwc_hard_range_violation;,0 days 00:15:00,0
SENS-04,2026-06-21 03:30:00,potting_soil,89.37,17.13,762.0,0.0,70.7,True,soil_moisture_vwc_hard_range_violation;,0 days 00:15:00,0
SENS-04,2026-06-21 03:45:00,potting_soil,88.86,17.96,694.0,0.0,72.0,True,soil_moisture_vwc_hard_range_violation;,0 days 00:15:00,0
SENS-04,2026-06-21 04:00:00,potting_soil,88.15,18.71,696.0,0.0,74.4,True,soil_moisture_vwc_hard_range_violation;,0 days 00:15:00,0
SENS-04,2026-06-21 04:15:00,potting_soil,87.68,17.96,731.0,0.0,70.6,True,soil_moisture_vwc_hard_range_violation;,0 days 00:15:00,0
SENS-04,2026-06-21 04:30:00,potting_soil,86.6,18.24,633.0,0.0,77.5,True,soil_moisture_vwc_hard_range_violation;,0 days 00:15:00,0
SENS-04,2026-06-21 04:45:00,potting_soil,86.09,18.29,714.0,0.0,71.0,True,soil_moisture_vwc_hard_range_violation;,0 days 00:15:00,0
SENS-04,2026-06-21 05:00:00,potting_soil,85.53,17.75,685.0,0.0,70.0,True,soil_moisture_vwc_hard_range_violation;,0 days 00:15:00,0
SENS-04,2026-06-21 05:15:00,potting_soil,84.74,18.21,741.0,0.0,69.7,True,soil_moisture_vwc_hard_range_violation;,0 days 00:15:00,0
SENS-04,2026-06-21 05:30:00,potting_soil,84.0,17.84,674.0,5.2,70.5,True,soil_moisture_vwc_hard_range_violation;,0 days 00:15:00,0
SENS-04,2026-06-21 05:45:00,potting_soil,82.73,18.88,707.0,7.7,69.1,True,soil_moisture_vwc_hard_range_violation;,0 days 00:15:00,0
SENS-04,2026-06-21 06:00:00,potting_soil,82.44,18.09,686.0,0.0,74.6,True,soil_moisture_vwc_hard_range_violation;,0 days 00:15:00,0
SENS-04,2026-06-21 06:15:00,potting_soil,81.33,18.97,717.0,20.3,69.0,True,soil_moisture_vwc_hard_range_violation;,0 days 00:15:00,0
SENS-04,2026-06-21 06:30:00,potting_soil,80.55,19.32,690.0,45.6,71.2,True,soil_moisture_vwc_hard_range_violation;,0 days 00:15:00,0
SENS-05,2026-06-15 00:15:00,coco_coir,20.73,18.58,681.0,0.0,55.7,True,irregular_reporting_interval;missing_sensor_readings;,2 days 00:30:00,193
SENS-07,2026-06-01 02:00:00,orchid_bark,29.94,65.41,652.0,0.0,56.2,True,soil_temp_c_hard_range_violation;,,0
SENS-07,2026-06-01 02:15:00,orchid_bark,30.13,64.99,669.0,0.0,58.9,True,soil_temp_c_hard_range_violation;,0 days 00:15:00,0
SENS-07,2026-06-01 02:30:00,orchid_bark,30.05,65.46,675.0,0.0,66.3,True,soil_temp_c_hard_range_violation;,0 days 00:15:00,0
SENS-07,2026-06-01 02:45:00,orchid_bark,29.9,64.47,716.0,0.0,66.1,True,soil_temp_c_hard_range_violation;,0 days 00:15:00,0
SENS-07,2026-06-01 03:00:00,orchid_bark,29.53,65.03,650.0,0.0,64.7,True,soil_temp_c_hard_range_violation;,0 days 00:15:00,0
SENS-07,2026-06-01 03:15:00,orchid_bark,29.15,64.74,714.0,0.0,64.1,True,soil_temp_c_hard_range_violation;,0 days 00:15:00,0
SENS-07,2026-06-01 03:30:00,orchid_bark,28.95,65.03,701.0,0.0,68.3,True,soil_temp_c_hard_range_violation;,0 days 00:15:00,0
SENS-07,2026-06-01 03:45:00,orchid_bark,28.7,63.99,737.0,0.0,70.7,True,soil_temp_c_hard_range_violation;,0 days 00:15:00,0
SENS-07,2026-06-01 04:00:00,orchid_bark,28.66,64.76,725.0,0.0,65.8,True,soil_temp_c_hard_range_violation;,0 days 00:15:00,0
SENS-07,2026-06-01 04:15:00,orchid_bark,28.27,63.41,733.0,0.0,66.9,True,soil_temp_c_hard_range_violation;,0 days 00:15:00,0
SENS-07,2026-06-01 04:30:00,orchid_bark,27.95,63.81,720.0,0.0,68.0,True,soil_temp_c_hard_range_violation;,0 days 00:15:00,0
SENS-07,2026-06-01 04:45:00,orchid_bark,27.75,64.06,747.0,0.0,64.8,True,soil_temp_c_hard_range_violation;,0 days 00:15:00,0
SENS-07,2026-06-01 05:00:00,orchid_bark,27.61,62.78,640.0,0.0,74.2,True,soil_temp_c_hard_range_violation;,0 days 00:15:00,0
SENS-07,2026-06-01 05:15:00,orchid_bark,27.46,63.23,642.0,0.0,69.4,True,soil_temp_c_hard_range_violation;,0 days 00:15:00,0
SENS-07,2026-06-01 05:30:00,orchid_bark,27.26,63.07,699.0,0.0,70.8,True,soil_temp_c_hard_range_violation;,0 days 00:15:00,0
SENS-07,2026-06-01 05:45:00,orchid_bark,26.94,63.57,703.0,0.0,76.4,True,soil_temp_c_hard_range_violation;,0 days 00:15:00,0
SENS-07,2026-06-01 06:00:00,orchid_bark,26.9,63.34,659.0,0.0,70.8,True,soil_temp_c_hard_range_violation;,0 days 00:15:00,0
SENS-07,2026-06-01 06:15:00,orchid_bark,26.99,63.91,722.0,0.0,76.5,True,soil_temp_c_hard_range_violation;,0 days 00:15:00,0
SENS-07,2026-06-01 06:30:00,orchid_bark,26.89,63.93,648.0,0.0,67.6,True,soil_temp_c_hard_range_violation;,0 days 00:15:00,0
SENS-07,2026-06-01 06:45:00,orchid_bark,26.62,63.95,689.0,0.0,74.6,True,soil_temp_c_hard_range_violation;,0 days 00:15:00,0
SENS-07,2026-06-01 07:00:00,orchid_bark,26.09,64.45,699.0,0.0,71.7,True,soil_temp_c_hard_range_violation;,0 days 00:15:00,0
SENS-07,2026-06-01 07:15:00,orchid_bark,26.27,64.08,723.0,0.0,68.2,True,soil_temp_c_hard_range_violation;,0 days 00:15:00,0
SENS-07,2026-06-01 07:30:00,orchid_bark,26.09,64.18,680.0,1.4,69.4,True,soil_temp_c_hard_range_violation;,0 days 00:15:00,0
SENS-07,2026-06-01 07:45:00,orchid_bark,26.21,64.2,749.0,0.0,73.1,True,soil_temp_c_hard_range_violation;,0 days 00:15:00,0
SENS-07,2026-06-01 08:00:00,orchid_bark,26.39,64.06,767.0,0.2,69.5,True,soil_temp_c_hard_range_violation;,0 days 00:15:00,0
SENS-07,2026-06-01 08:15:00,orchid_bark,26.4,65.16,762.0,19.6,73.2,True,soil_temp_c_hard_range_violation;,0 days 00:15:00,0
SENS-07,2026-06-01 08:30:00,orchid_bark,26.44,66.34,772.0,23.7,69.4,True,soil_temp_c_hard_range_violation;,0 days 00:15:00,0
SENS-07,2026-06-01 08:45:00,orchid_bark,26.47,66.16,743.0,67.5,66.3,True,soil_temp_c_hard_range_violation;,0 days 00:15:00,0
SENS-07,2026-06-01 09:00:00,orchid_bark,26.27,66.65,725.0,74.9,73.5,True,soil_temp_c_hard_range_violation;,0 days 00:15:00,0
SENS-07,2026-06-01 09:15:00,orchid_bark,25.9,66.72,670.0,98.5,70.8,True,soil_temp_c_hard_range_violation;,0 days 00:15:00,0
SENS-07,2026-06-01 09:30:00,orchid_bark,25.91,68.77,677.0,122.9,63.9,True,soil_temp_c_hard_range_violation;,0 days 00:15:00,0
SENS-07,2026-06-01 09:45:00,orchid_bark,25.46,67.89,738.0,144.5,70.5,True,soil_temp_c_hard_range_violation;,0 days 00:15:00,0
SENS-07,2026-06-01 10:00:00,orchid_bark,25.24,67.77,629.0,163.6,68.1,True,soil_temp_c_hard_range_violation;,0 days 00:15:00,0
SENS-07,2026-06-01 10:15:00,orchid_bark,24.98,67.8,753.0,184.1,65.6,True,soil_temp_c_hard_range_violation;,0 days 00:15:00,0
SENS-07,2026-06-01 10:30:00,orchid_bark,24.96,70.21,676.0,175.1,64.8,True,soil_temp_c_hard_range_violation;,0 days 00:15:00,0
SENS-07,2026-06-01 10:45:00,orchid_bark,24.87,68.38,679.0,214.9,69.0,True,soil_temp_c_hard_range_violation;,0 days 00:15:00,0
SENS-07,2026-06-01 11:00:00,orchid_bark,24.61,69.22,731.0,226.4,65.0,True,soil_temp_c_hard_range_violation;,0 days 00:15:00,0
SENS-07,2026-06-01 11:15:00,orchid_bark,24.4,69.64,711.0,236.2,67.1,True,soil_temp_c_hard_range_violation;,0 days 00:15:00,0
SENS-07,2026-06-01 11:30:00,orchid_bark,24.66,70.59,683.0,256.0,63.3,True,soil_temp_c_hard_range_violation;,0 days 00:15:00,0
SENS-07,2026-06-01 11:45:00,orchid_bark,24.37,71.28,664.0,273.4,61.5,True,soil_temp_c_hard_range_violation;,0 days 00:15:00,0
SENS-07,2026-06-01 12:00:00,orchid_bark,24.21,71.47,640.0,270.1,57.4,True,soil_temp_c_hard_range_violation;,0 days 00:15:00,0
SENS-07,2026-06-01 12:15:00,orchid_bark,24.19,71.56,613.0,298.2,59.0,True,soil_temp_c_hard_range_violation;,0 days 00:15:00,0
SENS-07,2026-06-01 12:30:00,orchid_bark,24.08,71.2,759.0,304.8,60.4,True,soil_temp_c_hard_range_violation;,0 days 00:15:00,0
SENS-07,2026-06-01 12:45:00,orchid_bark,24.08,73.92,691.0,306.0,56.4,True,soil_temp_c_hard_range_violation;,0 days 00:15:00,0
SENS-07,2026-06-01 13:00:00,orchid_bark,24.17,73.15,664.0,299.3,60.8,True,soil_temp_c_hard_range_violation;,0 days 00:15:00,0
SENS-07,2026-06-01 13:15:00,orchid_bark,24.34,73.71,730.0,331.1,56.9,True,soil_temp_c_hard_range_violation;,0 days 00:15:00,0
SENS-07,2026-06-01 13:30:00,orchid_bark,24.22,73.15,669.0,319.5,49.1,True,soil_temp_c_hard_range_violation;,0 days 00:15:00,0
SENS-07,2026-06-01 13:45:00,orchid_bark,24.17,73.74,670.0,320.5,50.0,True,soil_temp_c_hard_range_violation;,0 days 00:15:00,0
SENS-07,2026-06-01 14:00:00,orchid_bark,24.09,75.09,748.0,320.9,52.4,True,soil_temp_c_hard_range_violation;,0 days 00:15:00,0
SENS-07,2026-06-01 14:15:00,orchid_bark,23.78,72.95,730.0,323.7,44.6,True,soil_temp_c_hard_range_violation;,0 days 00:15:00,0
SENS-07,2026-06-01 14:30:00,orchid_bark,23.7,75.34,707.0,324.7,47.8,True,soil_temp_c_hard_range_violation;,0 days 00:15:00,0
SENS-07,2026-06-01 14:45:00,orchid_bark,23.25,74.86,678.0,313.7,44.2,True,soil_temp_c_hard_range_violation;,0 days 00:15:00,0
SENS-07,2026-06-01 15:00:00,orchid_bark,23.21,75.56,709.0,299.2,46.1,True,soil_temp_c_hard_range_violation;,0 days 00:15:00,0
SENS-07,2026-06-01 15:15:00,orchid_bark,22.66,76.66,723.0,311.3,42.2,True,soil_temp_c_hard_range_violation;,0 days 00:15:00,0
SENS-07,2026-06-01 15:30:00,orchid_bark,22.36,75.27,710.0,289.1,47.2,True,soil_temp_c_hard_range_violation;,0 days 00:15:00,0
SENS-07,2026-06-01 15:45:00,orchid_bark,22.42,73.81,749.0,279.0,41.6,True,soil_temp_c_hard_range_violation;,0 days 00:15:00,0
SENS-07,2026-06-01 16:00:00,orchid_bark,22.41,75.09,660.0,276.6,44.3,True,soil_temp_c_hard_range_violation;,0 days 00:15:00,0
SENS-07,2026-06-01 16:15:00,orchid_bark,22.29,75.99,690.0,262.4,37.0,True,soil_temp_c_hard_range_violation;,0 days 00:15:00,0
SENS-07,2026-06-01 16:30:00,orchid_bark,22.1,77.23,722.0,256.9,39.8,True,soil_temp_c_hard_range_violation;,0 days 00:15:00,0
SENS-07,2026-06-01 16:45:00,orchid_bark,21.82,75.81,677.0,245.1,36.2,True,soil_temp_c_hard_range_violation;,0 days 00:15:00,0
SENS-07,2026-06-01 17:00:00,orchid_bark,21.6,77.22,738.0,222.5,43.0,True,soil_temp_c_hard_range_violation;,0 days 00:15:00,0
SENS-07,2026-06-01 17:15:00,orchid_bark,21.64,74.41,754.0,212.0,36.5,True,soil_temp_c_hard_range_violation;,0 days 00:15:00,0
SENS-07,2026-06-01 17:30:00,orchid_bark,21.49,75.69,702.0,190.9,38.1,True,soil_temp_c_hard_range_violation;,0 days 00:15:00,0
SENS-07,2026-06-01 17:45:00,orchid_bark,20.97,76.73,715.0,183.9,39.0,True,soil_temp_c_hard_range_violation;,0 days 00:15:00,0
SENS-07,2026-06-01 18:00:00,orchid_bark,20.64,76.57,692.0,163.9,35.4,True,soil_temp_c_hard_range_violation;,0 days 00:15:00,0
SENS-07,2026-06-01 18:15:00,orchid_bark,20.38,74.35,688.0,147.3,33.7,True,soil_temp_c_hard_range_violation;,0 days 00:15:00,0
SENS-07,2026-06-01 18:30:00,orchid_bark,20.24,75.02,751.0,120.2,37.7,True,soil_temp_c_hard_range_violation;,0 days 00:15:00,0
SENS-07,2026-06-01 18:45:00,orchid_bark,20.1,75.34,667.0,104.9,31.2,True,soil_temp_c_hard_range_violation;,0 days 00:15:00,0
SENS-07,2026-06-01 19:00:00,orchid_bark,19.8,74.79,733.0,86.9,41.0,True,soil_temp_c_hard_range_violation;,0 days 00:15:00,0
SENS-07,2026-06-01 19:15:00,orchid_bark,19.85,75.88,680.0,68.4,36.6,True,soil_temp_c_hard_range_violation;,0 days 00:15:00,0
SENS-07,2026-06-01 19:30:00,orchid_bark,19.37,74.8,666.0,47.1,32.7,True,soil_temp_c_hard_range_violation;,0 days 00:15:00,0
SENS-07,2026-06-01 19:45:00,orchid_bark,19.14,73.49,740.0,19.9,36.6,True,soil_temp_c_hard_range_violation;,0 days 00:15:00,0
SENS-07,2026-06-01 20:00:00,orchid_bark,19.23,74.59,728.0,0.0,39.3,True,soil_temp_c_hard_range_violation;,0 days 00:15:00,0
SENS-07,2026-06-01 20:15:00,orchid_bark,19.26,74.32,674.0,4.0,35.5,True,soil_temp_c_hard_range_violation;,0 days 00:15:00,0
SENS-07,2026-06-01 20:30:00,orchid_bark,19.13,72.81,693.0,3.6,32.5,True,soil_temp_c_hard_range_violation;,0 days 00:15:00,0
SENS-07,2026-06-01 20:45:00,orchid_bark,19.24,72.66,695.0,0.0,38.5,True,soil_temp_c_hard_range_violation;,0 days 00:15:00,0
SENS-07,2026-06-01 21:00:00,orchid_bark,19.22,72.45,709.0,6.8,41.7,True,soil_temp_c_hard_range_violation;,0 days 00:15:00,0
SENS-07,2026-06-01 21:15:00,orchid_bark,19.16,73.56,680.0,1.2,40.7,True,soil_temp_c_hard_range_violation;,0 days 00:15:00,0
SENS-07,2026-06-01 21:30:00,orchid_bark,19.21,72.14,769.0,0.0,41.9,True,soil_temp_c_hard_range_violation;,0 days 00:15:00,0
SENS-07,2026-06-01 21:45:00,orchid_bark,19.21,70.23,656.0,1.7,44.3,True,soil_temp_c_hard_range_violation;,0 days 00:15:00,0
SENS-07,2026-06-01 22:00:00,orchid_bark,19.41,70.56,639.0,7.4,47.0,True,soil_temp_c_hard_range_violation;,0 days 00:15:00,0
SENS-07,2026-06-01 22:15:00,orchid_bark,19.27,71.55,695.0,12.5,35.1,True,soil_temp_c_hard_range_violation;,0 days 00:15:00,0
SENS-07,2026-06-01 22:30:00,orchid_bark,19.15,70.32,621.0,0.0,40.1,True,soil_temp_c_hard_range_violation;,0 days 00:15:00,0
SENS-07,2026-06-01 22:45:00,orchid_bark,19.11,69.33,669.0,0.0,45.5,True,soil_temp_c_hard_range_violation;,0 days 00:15:00,0
SENS-07,2026-06-01 23:00:00,orchid_bark,19.05,69.53,675.0,0.0,46.8,True,soil_temp_c_hard_range_violation;,0 days 00:15:00,0
SENS-07,2026-06-01 23:15:00,orchid_bark,19.34,70.09,701.0,0.0,42.4,True,soil_temp_c_hard_range_violation;,0 days 00:15:00,0
SENS-07,2026-06-01 23:30:00,orchid_bark,19.37,70.54,692.0,0.0,45.8,True,soil_temp_c_hard_range_violation;,0 days 00:15:00,0
SENS-07,2026-06-01 23:45:00,orchid_bark,19.15,68.52,709.0,0.0,54.4,True,soil_temp_c_hard_range_violation;,0 days 00:15:00,0
SENS-07,2026-06-02 00:00:00,orchid_bark,18.78,68.52,669.0,0.0,49.3,True,soil_temp_c_hard_range_violation;,0 days 00:15:00,0
SENS-07,2026-06-02 00:15:00,orchid_bark,19.02,67.69,685.0,0.0,52.1,True,soil_temp_c_hard_range_violation;,0 days 00:15:00,0
SENS-07,2026-06-02 00:30:00,orchid_bark,18.88,67.55,723.0,0.0,58.0,True,soil_temp_c_hard_range_violation;,0 days 00:15:00,0
SENS-07,2026-06-02 00:45:00,orchid_bark,18.87,66.34,609.0,0.0,54.1,True,soil_temp_c_hard_range_violation;,0 days 00:15:00,0
SENS-07,2026-06-02 01:00:00,orchid_bark,18.8,67.69,717.0,0.0,57.4,True,soil_temp_c_hard_range_violation;,0 days 00:15:00,0
SENS-07,2026-06-02 01:15:00,orchid_bark,18.89,65.97,614.0,0.0,57.9,True,soil_temp_c_hard_range_violation;,0 days 00:15:00,0
SENS-07,2026-06-02 01:30:00,orchid_bark,18.7,65.17,700.0,0.0,56.3,True,soil_temp_c_hard_range_violation;,0 days 00:15:00,0
SENS-07,2026-06-02 01:45:00,orchid_bark,18.66,65.08,721.0,0.0,57.3,True,soil_temp_c_hard_range_violation;,0 days 00:15:00,0
SENS-07,2026-06-02 02:00:00,orchid_bark,18.48,65.82,712.0,0.0,63.2,True,soil_temp_c_hard_range_violation;,0 days 00:15:00,0
SENS-07,2026-06-02 02:15:00,orchid_bark,18.97,64.56,675.0,0.0,60.8,True,soil_temp_c_hard_range_violation;,0 days 00:15:00,0
SENS-07,2026-06-02 02:30:00,orchid_bark,18.75,65.89,710.0,0.0,58.9,True,soil_temp_c_hard_range_violation;,0 days 00:15:00,0
SENS-07,2026-06-02 02:45:00,orchid_bark,18.79,65.03,662.0,0.0,66.2,True,soil_temp_c_hard_range_violation;,0 days 00:15:00,0
SENS-07,2026-06-02 03:00:00,orchid_bark,19.29,64.96,755.0,0.0,55.4,True,soil_temp_c_hard_range_violation;,0 days 00:15:00,0
SENS-07,2026-06-02 03:15:00,orchid_bark,19.43,63.84,733.0,0.0,69.7,True,soil_temp_c_hard_range_violation;,0 days 00:15:00,0
SENS-07,2026-06-02 03:30:00,orchid_bark,19.35,63.54,662.0,0.0,65.4,True,soil_temp_c_hard_range_violation;,0 days 00:15:00,0
SENS-07,2026-06-02 03:45:00,orchid_bark,19.31,63.86,755.0,0.0,66.9,True,soil_temp_c_hard_range_violation;,0 days 00:15:00,0
SENS-07,2026-06-02 04:00:00,orchid_bark,19.07,62.85,708.0,0.0,68.0,True,soil_temp_c_hard_range_violation;,0 days 00:15:00,0
SENS-07,2026-06-02 04:15:00,orchid_bark,19.33,63.97,655.0,0.0,72.5,True,soil_temp_c_hard_range_violation;,0 days 00:15:00,0
SENS-07,2026-06-02 04:30:00,orchid_bark,19.21,64.22,747.0,0.0,69.8,True,soil_temp_c_hard_range_violation;,0 days 00:15:00,0
SENS-07,2026-06-02 04:45:00,orchid_bark,19.12,63.01,766.0,0.0,69.9,True,soil_temp_c_hard_range_violation;,0 days 00:15:00,0
SENS-07,2026-06-02 05:00:00,orchid_bark,18.87,64.0,690.0,0.0,67.7,True,soil_temp_c_hard_range_violation;,0 days 00:15:00,0
SENS-07,2026-06-02 05:15:00,orchid_bark,18.74,63.7,715.0,0.0,69.0,True,soil_temp_c_hard_range_violation;,0 days 00:15:00,0
SENS-07,2026-06-02 05:30:00,orchid_bark,18.68,64.36,699.0,0.0,73.6,True,soil_temp_c_hard_range_violation;,0 days 00:15:00,0
SENS-07,2026-06-02 05:45:00,orchid_bark,18.83,64.8,723.0,0.0,72.7,True,soil_temp_c_hard_range_violation;,0 days 00:15:00,0
SENS-07,2026-06-02 06:00:00,orchid_bark,18.81,64.27,732.0,0.0,77.4,True,soil_temp_c_hard_range_violation;,0 days 00:15:00,0
SENS-07,2026-06-02 06:15:00,orchid_bark,18.96,63.79,739.0,0.0,70.2,True,soil_temp_c_hard_range_violation;,0 days 00:15:00,0
SENS-07,2026-06-02 06:30:00,orchid_bark,18.43,64.85,626.0,0.0,69.4,True,soil_temp_c_hard_range_violation;,0 days 00:15:00,0
SENS-07,2026-06-02 06:45:00,orchid_bark,18.65,64.18,679.0,0.0,73.9,True,soil_temp_c_hard_range_violation;,0 days 00:15:00,0
SENS-07,2026-06-02 07:00:00,orchid_bark,18.31,64.15,739.0,0.0,72.7,True,soil_temp_c_hard_range_violation;,0 days 00:15:00,0
SENS-07,2026-06-02 07:15:00,orchid_bark,18.4,64.13,672.0,0.0,69.4,True,soil_temp_c_hard_range_violation;,0 days 00:15:00,0
SENS-07,2026-06-02 07:30:00,orchid_bark,17.71,64.87,714.0,0.0,71.3,True,soil_temp_c_hard_range_violation;,0 days 00:15:00,0
SENS-07,2026-06-02 07:45:00,orchid_bark,17.66,65.79,663.0,14.5,74.8,True,soil_temp_c_hard_range_violation;,0 days 00:15:00,0
SENS-07,2026-06-02 08:00:00,orchid_bark,17.79,64.6,727.0,0.0,68.4,True,soil_temp_c_hard_range_violation;,0 days 00:15:00,0
SENS-07,2026-06-02 08:15:00,orchid_bark,17.57,64.76,701.0,6.8,68.6,True,soil_temp_c_hard_range_violation;,0 days 00:15:00,0
SENS-07,2026-06-02 08:30:00,orchid_bark,17.51,65.08,724.0,36.7,69.4,True,soil_temp_c_hard_range_violation;,0 days 00:15:00,0
SENS-07,2026-06-02 08:45:00,orchid_bark,17.64,67.03,716.0,65.7,69.0,True,soil_temp_c_hard_range_violation;,0 days 00:15:00,0
SENS-07,2026-06-02 09:00:00,orchid_bark,17.73,66.94,644.0,94.2,73.0,True,soil_temp_c_hard_range_violation;,0 days 00:15:00,0
SENS-07,2026-06-02 09:15:00,orchid_bark,17.36,68.07,784.0,103.1,68.3,True,soil_temp_c_hard_range_violation;,0 days 00:15:00,0
SENS-07,2026-06-02 09:30:00,orchid_bark,17.5,67.01,648.0,109.4,74.2,True,soil_temp_c_hard_range_violation;,0 days 00:15:00,0
SENS-07,2026-06-02 09:45:00,orchid_bark,17.79,66.9,799.0,142.3,65.4,True,soil_temp_c_hard_range_violation;,0 days 00:15:00,0
SENS-07,2026-06-02 10:00:00,orchid_bark,17.97,69.3,614.0,166.8,68.8,True,soil_temp_c_hard_range_violation;,0 days 00:15:00,0
SENS-07,2026-06-02 10:15:00,orchid_bark,17.66,68.04,703.0,180.3,66.7,True,soil_temp_c_hard_range_violation;,0 days 00:15:00,0
SENS-07,2026-06-02 10:30:00,orchid_bark,17.39,69.46,644.0,198.8,66.0,True,soil_temp_c_hard_range_violation;,0 days 00:15:00,0
SENS-07,2026-06-02 10:45:00,orchid_bark,17.35,68.43,765.0,196.0,57.6,True,soil_temp_c_hard_range_violation;,0 days 00:15:00,0
SENS-07,2026-06-02 11:00:00,orchid_bark,17.41,69.93,659.0,215.5,60.7,True,soil_temp_c_hard_range_violation;,0 days 00:15:00,0
SENS-07,2026-06-02 11:15:00,orchid_bark,17.53,70.09,656.0,239.5,62.5,True,soil_temp_c_hard_range_violation;,0 days 00:15:00,0
SENS-07,2026-06-02 11:30:00,orchid_bark,17.31,69.6,701.0,262.9,56.0,True,soil_temp_c_hard_range_violation;,0 days 00:15:00,0
SENS-07,2026-06-02 11:45:00,orchid_bark,17.24,72.39,757.0,259.8,52.0,True,soil_temp_c_hard_range_violation;,0 days 00:15:00,0
SENS-07,2026-06-02 12:00:00,orchid_bark,17.02,70.79,749.0,278.8,56.0,True,soil_temp_c_hard_range_violation;,0 days 00:15:00,0
SENS-07,2026-06-02 12:15:00,orchid_bark,16.77,71.15,691.0,288.3,59.5,True,soil_temp_c_hard_range_violation;,0 days 00:15:00,0
SENS-07,2026-06-02 12:30:00,orchid_bark,16.8,71.74,687.0,287.3,58.8,True,soil_temp_c_hard_range_violation;,0 days 00:15:00,0
SENS-07,2026-06-02 12:45:00,orchid_bark,16.74,71.02,721.0,297.1,52.5,True,soil_temp_c_hard_range_violation;,0 days 00:15:00,0
SENS-07,2026-06-02 13:00:00,orchid_bark,16.78,72.72,698.0,308.9,54.4,True,soil_temp_c_hard_range_violation;,0 days 00:15:00,0
SENS-07,2026-06-02 13:15:00,orchid_bark,16.62,72.82,703.0,310.9,55.1,True,soil_temp_c_hard_range_violation;,0 days 00:15:00,0
SENS-07,2026-06-02 13:30:00,orchid_bark,16.7,74.35,694.0,323.8,56.6,True,soil_temp_c_hard_range_violation;,0 days 00:15:00,0
SENS-07,2026-06-02 13:45:00,orchid_bark,16.43,74.17,724.0,315.9,55.3,True,soil_temp_c_hard_range_violation;,0 days 00:15:00,0
SENS-07,2026-06-02 14:00:00,orchid_bark,16.29,73.35,718.0,327.1,53.1,True,soil_temp_c_hard_range_violation;,0 days 00:15:00,0
SENS-07,2026-06-02 14:15:00,orchid_bark,16.03,74.07,761.0,316.4,47.6,True,soil_temp_c_hard_range_violation;,0 days 00:15:00,0
SENS-07,2026-06-02 14:30:00,orchid_bark,16.04,76.35,675.0,317.5,48.0,True,soil_temp_c_hard_range_violation;,0 days 00:15:00,0
SENS-07,2026-06-02 14:45:00,orchid_bark,16.36,74.39,674.0,320.3,47.3,True,soil_temp_c_hard_range_violation;,0 days 00:15:00,0
SENS-07,2026-06-02 15:00:00,orchid_bark,16.39,75.85,696.0,308.2,45.4,True,soil_temp_c_hard_range_violation;,0 days 00:15:00,0
SENS-07,2026-06-02 15:15:00,orchid_bark,16.32,74.97,692.0,299.6,40.9,True,soil_temp_c_hard_range_violation;,0 days 00:15:00,0
SENS-07,2026-06-02 15:30:00,orchid_bark,16.24,74.89,735.0,295.1,48.4,True,soil_temp_c_hard_range_violation;,0 days 00:15:00,0
SENS-07,2026-06-02 15:45:00,orchid_bark,16.08,75.38,658.0,294.1,44.4,True,soil_temp_c_hard_range_violation;,0 days 00:15:00,0
SENS-07,2026-06-02 16:00:00,orchid_bark,16.26,76.95,751.0,279.8,44.9,True,soil_temp_c_hard_range_violation;,0 days 00:15:00,0
SENS-07,2026-06-02 16:15:00,orchid_bark,16.3,74.93,689.0,248.9,43.4,True,soil_temp_c_hard_range_violation;,0 days 00:15:00,0
SENS-07,2026-06-02 16:30:00,orchid_bark,15.92,76.51,747.0,248.1,39.4,True,soil_temp_c_hard_range_violation;,0 days 00:15:00,0
SENS-07,2026-06-02 16:45:00,orchid_bark,16.09,76.96,801.0,234.9,35.5,True,soil_temp_c_hard_range_violation;,0 days 00:15:00,0
SENS-07,2026-06-02 17:00:00,orchid_bark,15.88,75.7,741.0,230.9,41.7,True,soil_temp_c_hard_range_violation;,0 days 00:15:00,0
SENS-07,2026-06-02 17:15:00,orchid_bark,15.71,76.8,725.0,195.7,40.9,True,soil_temp_c_hard_range_violation;,0 days 00:15:00,0
SENS-07,2026-06-02 17:30:00,orchid_bark,15.75,76.66,745.0,197.0,39.2,True,soil_temp_c_hard_range_violation;,0 days 00:15:00,0
SENS-07,2026-06-02 17:45:00,orchid_bark,15.59,75.4,688.0,182.9,44.4,True,soil_temp_c_hard_range_violation;,0 days 00:15:00,0
SENS-07,2026-06-02 18:00:00,orchid_bark,16.0,75.2,711.0,165.1,35.9,True,soil_temp_c_hard_range_violation;,0 days 00:15:00,0
SENS-07,2026-06-02 18:15:00,orchid_bark,15.91,75.65,673.0,140.9,36.4,True,soil_temp_c_hard_range_violation;,0 days 00:15:00,0
SENS-07,2026-06-02 18:30:00,orchid_bark,16.0,75.7,676.0,109.5,37.8,True,soil_temp_c_hard_range_violation;,0 days 00:15:00,0
SENS-07,2026-06-02 18:45:00,orchid_bark,15.65,75.18,712.0,100.8,35.5,True,soil_temp_c_hard_range_violation;,0 days 00:15:00,0
SENS-07,2026-06-02 19:00:00,orchid_bark,15.49,75.67,704.0,94.6,36.3,True,soil_temp_c_hard_range_violation;,0 days 00:15:00,0
SENS-07,2026-06-02 19:15:00,orchid_bark,15.42,74.48,717.0,57.7,40.1,True,soil_temp_c_hard_range_violation;,0 days 00:15:00,0
SENS-07,2026-06-02 19:30:00,orchid_bark,15.59,74.14,705.0,59.2,35.2,True,soil_temp_c_hard_range_violation;,0 days 00:15:00,0
SENS-07,2026-06-02 19:45:00,orchid_bark,15.34,74.53,689.0,27.4,35.6,True,soil_temp_c_hard_range_violation;,0 days 00:15:00,0
SENS-07,2026-06-02 20:00:00,orchid_bark,15.54,74.43,737.0,0.0,39.3,True,soil_temp_c_hard_range_violation;,0 days 00:15:00,0
SENS-07,2026-06-02 20:15:00,orchid_bark,15.53,74.89,675.0,1.8,34.0,True,soil_temp_c_hard_range_violation;,0 days 00:15:00,0
SENS-07,2026-06-02 20:30:00,orchid_bark,15.56,73.96,710.0,3.0,38.1,True,soil_temp_c_hard_range_violation;,0 days 00:15:00,0
SENS-07,2026-06-02 20:45:00,orchid_bark,15.37,73.81,746.0,0.0,38.5,True,soil_temp_c_hard_range_violation;,0 days 00:15:00,0
SENS-07,2026-06-02 21:00:00,orchid_bark,15.15,72.7,728.0,0.0,41.3,True,soil_temp_c_hard_range_violation;,0 days 00:15:00,0
SENS-07,2026-06-02 21:15:00,orchid_bark,14.68,72.34,699.0,16.0,42.4,True,soil_temp_c_hard_range_violation;,0 days 00:15:00,0
SENS-07,2026-06-02 21:30:00,orchid_bark,14.71,71.76,628.0,11.9,40.2,True,soil_temp_c_hard_range_violation;,0 days 00:15:00,0
SENS-07,2026-06-02 21:45:00,orchid_bark,14.81,71.96,686.0,0.0,41.2,True,soil_temp_c_hard_range_violation;,0 days 00:15:00,0
SENS-07,2026-06-02 22:00:00,orchid_bark,14.71,71.53,785.0,0.0,42.2,True,soil_temp_c_hard_range_violation;,0 days 00:15:00,0
SENS-07,2026-06-02 22:15:00,orchid_bark,14.36,71.1,690.0,0.0,42.2,True,soil_temp_c_hard_range_violation;,0 days 00:15:00,0
SENS-07,2026-06-02 22:30:00,orchid_bark,14.22,70.48,700.0,17.3,47.9,True,soil_temp_c_hard_range_violation;,0 days 00:15:00,0
SENS-07,2026-06-02 22:45:00,orchid_bark,14.28,70.18,707.0,0.0,46.5,True,soil_temp_c_hard_range_violation;,0 days 00:15:00,0
SENS-07,2026-06-02 23:00:00,orchid_bark,14.29,70.99,717.0,0.0,49.8,True,soil_temp_c_hard_range_violation;,0 days 00:15:00,0
SENS-07,2026-06-02 23:15:00,orchid_bark,14.4,69.58,674.0,0.0,44.4,True,soil_temp_c_hard_range_violation;,0 days 00:15:00,0
SENS-07,2026-06-02 23:30:00,orchid_bark,14.05,69.4,730.0,0.0,51.9,True,soil_temp_c_hard_range_violation;,0 days 00:15:00,0
SENS-07,2026-06-02 23:45:00,orchid_bark,13.95,68.9,716.0,0.0,49.6,True,soil_temp_c_hard_range_violation;,0 days 00:15:00,0
SENS-07,2026-06-03 00:00:00,orchid_bark,13.91,68.04,631.0,0.0,52.4,True,soil_temp_c_hard_range_violation;,0 days 00:15:00,0
SENS-07,2026-06-03 00:15:00,orchid_bark,14.02,68.16,598.0,0.0,45.8,True,soil_temp_c_hard_range_violation;,0 days 00:15:00,0
SENS-07,2026-06-03 00:30:00,orchid_bark,13.87,67.41,679.0,0.0,57.5,True,soil_temp_c_hard_range_violation;,0 days 00:15:00,0
SENS-07,2026-06-03 00:45:00,orchid_bark,13.96,66.11,652.0,0.0,55.1,True,soil_temp_c_hard_range_violation;,0 days 00:15:00,0
SENS-07,2026-06-03 01:00:00,orchid_bark,13.75,66.24,712.0,0.0,60.6,True,soil_temp_c_hard_range_violation;,0 days 00:15:00,0
SENS-07,2026-06-03 01:15:00,orchid_bark,13.78,67.73,685.0,0.0,59.5,True,soil_temp_c_hard_range_violation;,0 days 00:15:00,0
SENS-07,2026-06-03 01:30:00,orchid_bark,13.7,66.81,719.0,0.0,51.2,True,soil_temp_c_hard_range_violation;,0 days 00:15:00,0
SENS-07,2026-06-03 01:45:00,orchid_bark,13.61,65.43,719.0,0.0,63.1,True,soil_temp_c_hard_range_violation;,0 days 00:15:00,0
SENS-07,2026-06-03 02:00:00,orchid_bark,14.08,65.84,660.0,0.0,60.2,True,soil_temp_c_hard_range_violation;,0 days 00:15:00,0
SENS-07,2026-06-03 02:15:00,orchid_bark,13.99,65.23,685.0,0.0,62.7,True,soil_temp_c_hard_range_violation;,0 days 00:15:00,0
SENS-07,2026-06-03 02:30:00,orchid_bark,13.88,66.06,678.0,0.0,63.5,True,soil_temp_c_hard_range_violation;,0 days 00:15:00,0
SENS-07,2026-06-03 02:45:00,orchid_bark,13.58,64.47,737.0,0.0,62.7,True,soil_temp_c_hard_range_violation;,0 days 00:15:00,0
SENS-07,2026-06-03 03:00:00,orchid_bark,13.76,64.51,693.0,0.0,62.8,True,soil_temp_c_hard_range_violation;,0 days 00:15:00,0
SENS-07,2026-06-03 03:15:00,orchid_bark,13.63,63.57,750.0,0.0,67.1,True,soil_temp_c_hard_range_violation;,0 days 00:15:00,0
SENS-07,2026-06-03 03:30:00,orchid_bark,13.61,63.88,752.0,0.0,63.5,True,soil_temp_c_hard_range_violation;,0 days 00:15:00,0
SENS-07,2026-06-03 03:45:00,orchid_bark,13.43,61.86,695.0,0.0,67.0,True,soil_temp_c_hard_range_violation;,0 days 00:15:00,0
SENS-07,2026-06-03 04:00:00,orchid_bark,13.49,63.9,676.0,0.0,71.9,True,soil_temp_c_hard_range_violation;,0 days 00:15:00,0
SENS-07,2026-06-03 04:15:00,orchid_bark,13.67,64.35,665.0,0.0,64.9,True,soil_temp_c_hard_range_violation;,0 days 00:15:00,0
SENS-07,2026-06-03 04:30:00,orchid_bark,13.91,64.78,728.0,0.0,68.7,True,soil_temp_c_hard_range_violation;,0 days 00:15:00,0
SENS-07,2026-06-03 04:45:00,orchid_bark,13.87,63.86,696.0,0.0,73.5,True,soil_temp_c_hard_range_violation;,0 days 00:15:00,0
SENS-07,2026-06-03 05:00:00,orchid_bark,13.73,63.23,671.0,0.0,68.1,True,soil_temp_c_hard_range_violation;,0 days 00:15:00,0
SENS-07,2026-06-03 05:15:00,orchid_bark,13.58,62.92,736.0,0.0,65.4,True,soil_temp_c_hard_range_violation;,0 days 00:15:00,0
SENS-07,2026-06-03 05:30:00,orchid_bark,13.57,63.21,737.0,0.0,65.7,True,soil_temp_c_hard_range_violation;,0 days 00:15:00,0
SENS-07,2026-06-03 05:45:00,orchid_bark,13.6,62.47,662.0,0.0,70.6,True,soil_temp_c_hard_range_violation;,0 days 00:15:00,0
SENS-07,2026-06-03 06:00:00,orchid_bark,13.69,63.54,714.0,0.0,77.4,True,soil_temp_c_hard_range_violation;,0 days 00:15:00,0
SENS-07,2026-06-03 06:15:00,orchid_bark,13.51,62.96,724.0,0.0,70.4,True,soil_temp_c_hard_range_violation;,0 days 00:15:00,0
SENS-07,2026-06-03 06:30:00,orchid_bark,13.52,63.55,768.0,0.0,72.0,True,soil_temp_c_hard_range_violation;,0 days 00:15:00,0
SENS-07,2026-06-03 06:45:00,orchid_bark,13.3,64.0,693.0,0.0,73.1,True,soil_temp_c_hard_range_violation;,0 days 00:15:00,0
SENS-07,2026-06-03 07:00:00,orchid_bark,13.26,64.58,700.0,0.0,76.3,True,soil_temp_c_hard_range_violation;,0 days 00:15:00,0
SENS-07,2026-06-03 07:15:00,orchid_bark,13.52,63.37,726.0,0.0,75.5,True,soil_temp_c_hard_range_violation;,0 days 00:15:00,0
SENS-07,2026-06-03 07:30:00,orchid_bark,13.46,64.56,751.0,0.0,72.4,True,soil_temp_c_hard_range_violation;,0 days 00:15:00,0
SENS-07,2026-06-03 07:45:00,orchid_bark,13.27,65.55,716.0,8.7,74.5,True,soil_temp_c_hard_range_violation;,0 days 00:15:00,0
SENS-07,2026-06-03 08:00:00,orchid_bark,13.33,66.36,709.0,0.0,75.6,True,soil_temp_c_hard_range_violation;,0 days 00:15:00,0
SENS-07,2026-06-03 08:15:00,orchid_bark,13.49,65.59,678.0,29.3,67.1,True,soil_temp_c_hard_range_violation;,0 days 00:15:00,0
SENS-07,2026-06-03 08:30:00,orchid_bark,13.32,67.55,687.0,46.7,70.5,True,soil_temp_c_hard_range_violation;,0 days 00:15:00,0
SENS-07,2026-06-03 08:45:00,orchid_bark,13.04,66.81,694.0,70.5,67.5,True,soil_temp_c_hard_range_violation;,0 days 00:15:00,0
SENS-07,2026-06-03 09:00:00,orchid_bark,12.87,66.69,728.0,73.8,68.4,True,soil_temp_c_hard_range_violation;,0 days 00:15:00,0
SENS-07,2026-06-03 09:15:00,orchid_bark,12.77,67.91,718.0,101.2,71.9,True,soil_temp_c_hard_range_violation;,0 days 00:15:00,0
SENS-07,2026-06-03 09:30:00,orchid_bark,13.06,67.03,672.0,124.8,65.7,True,soil_temp_c_hard_range_violation;,0 days 00:15:00,0
SENS-07,2026-06-03 09:45:00,orchid_bark,12.77,67.03,734.0,145.0,75.5,True,soil_temp_c_hard_range_violation;,0 days 00:15:00,0
SENS-07,2026-06-03 10:00:00,orchid_bark,12.43,68.85,693.0,166.7,69.7,True,soil_temp_c_hard_range_violation;,0 days 00:15:00,0
SENS-07,2026-06-03 10:15:00,orchid_bark,12.48,68.95,694.0,183.0,65.1,True,soil_temp_c_hard_range_violation;,0 days 00:15:00,0
SENS-07,2026-06-03 10:30:00,orchid_bark,12.33,69.73,731.0,198.6,65.6,True,soil_temp_c_hard_range_violation;,0 days 00:15:00,0
SENS-07,2026-06-03 10:45:00,orchid_bark,12.13,70.12,736.0,214.9,61.1,True,soil_temp_c_hard_range_violation;,0 days 00:15:00,0
SENS-07,2026-06-03 11:00:00,orchid_bark,12.26,71.24,714.0,231.7,59.6,True,soil_temp_c_hard_range_violation;,0 days 00:15:00,0
SENS-07,2026-06-03 11:15:00,orchid_bark,12.27,69.17,775.0,240.7,61.8,True,soil_temp_c_hard_range_violation;,0 days 00:15:00,0
SENS-07,2026-06-03 11:30:00,orchid_bark,12.47,70.38,625.0,263.0,65.8,True,soil_temp_c_hard_range_violation;,0 days 00:15:00,0
SENS-07,2026-06-03 11:45:00,orchid_bark,12.61,70.83,739.0,265.5,56.6,True,soil_temp_c_hard_range_violation;,0 days 00:15:00,0
SENS-07,2026-06-03 12:00:00,orchid_bark,12.36,72.27,660.0,263.6,63.4,True,soil_temp_c_hard_range_violation;,0 days 00:15:00,0
SENS-07,2026-06-03 12:15:00,orchid_bark,12.02,72.09,699.0,297.0,58.0,True,soil_temp_c_hard_range_violation;,0 days 00:15:00,0
SENS-07,2026-06-03 12:30:00,orchid_bark,12.25,73.06,701.0,299.4,58.1,True,soil_temp_c_hard_range_violation;,0 days 00:15:00,0
SENS-07,2026-06-03 12:45:00,orchid_bark,12.22,72.79,698.0,301.8,56.4,True,soil_temp_c_hard_range_violation;,0 days 00:15:00,0
SENS-07,2026-06-03 13:00:00,orchid_bark,12.82,72.93,664.0,310.0,57.3,True,soil_temp_c_hard_range_violation;,0 days 00:15:00,0
SENS-07,2026-06-03 13:15:00,orchid_bark,13.01,73.8,646.0,325.9,57.1,True,soil_temp_c_hard_range_violation;,0 days 00:15:00,0
SENS-07,2026-06-03 13:30:00,orchid_bark,13.27,73.83,623.0,318.1,52.0,True,soil_temp_c_hard_range_violation;,0 days 00:15:00,0
SENS-07,2026-06-03 13:45:00,orchid_bark,13.07,74.23,692.0,331.5,53.0,True,soil_temp_c_hard_range_violation;,0 days 00:15:00,0
SENS-07,2026-06-03 14:00:00,orchid_bark,13.04,74.73,706.0,323.8,54.2,True,soil_temp_c_hard_range_violation;,0 days 00:15:00,0
SENS-07,2026-06-03 14:15:00,orchid_bark,13.19,74.84,724.0,316.4,51.7,True,soil_temp_c_hard_range_violation;,0 days 00:15:00,0
SENS-07,2026-06-03 14:30:00,orchid_bark,13.16,75.51,747.0,306.8,46.9,True,soil_temp_c_hard_range_violation;,0 days 00:15:00,0
SENS-07,2026-06-03 14:45:00,orchid_bark,13.16,75.07,734.0,314.6,46.5,True,soil_temp_c_hard_range_violation;,0 days 00:15:00,0
SENS-07,2026-06-03 15:00:00,orchid_bark,13.2,75.38,740.0,319.6,43.0,True,soil_temp_c_hard_range_violation;,0 days 00:15:00,0
SENS-07,2026-06-03 15:15:00,orchid_bark,13.04,74.73,660.0,298.5,50.5,True,soil_temp_c_hard_range_violation;,0 days 00:15:00,0
SENS-07,2026-06-03 15:30:00,orchid_bark,12.85,76.33,745.0,298.6,45.0,True,soil_temp_c_hard_range_violation;,0 days 00:15:00,0
SENS-07,2026-06-03 15:45:00,orchid_bark,12.81,77.0,715.0,299.3,38.9,True,soil_temp_c_hard_range_violation;,0 days 00:15:00,0
SENS-07,2026-06-03 16:00:00,orchid_bark,12.72,74.59,648.0,262.9,39.8,True,soil_temp_c_hard_range_violation;,0 days 00:15:00,0
SENS-07,2026-06-03 16:15:00,orchid_bark,12.53,76.44,743.0,269.3,41.0,True,soil_temp_c_hard_range_violation;,0 days 00:15:00,0
SENS-07,2026-06-03 16:30:00,orchid_bark,12.5,75.94,665.0,258.3,44.7,True,soil_temp_c_hard_range_violation;,0 days 00:15:00,0
SENS-07,2026-06-03 16:45:00,orchid_bark,12.24,75.96,659.0,243.4,39.5,True,soil_temp_c_hard_range_violation;,0 days 00:15:00,0
SENS-07,2026-06-03 17:00:00,orchid_bark,12.39,76.55,762.0,212.6,41.2,True,soil_temp_c_hard_range_violation;,0 days 00:15:00,0
SENS-07,2026-06-03 17:15:00,orchid_bark,12.5,76.06,710.0,204.9,36.7,True,soil_temp_c_hard_range_violation;,0 days 00:15:00,0
SENS-07,2026-06-03 17:30:00,orchid_bark,12.63,76.33,659.0,178.1,40.3,True,soil_temp_c_hard_range_violation;,0 days 00:15:00,0
SENS-07,2026-06-03 17:45:00,orchid_bark,12.46,75.72,679.0,167.2,41.9,True,soil_temp_c_hard_range_violation;,0 days 00:15:00,0
SENS-07,2026-06-03 18:00:00,orchid_bark,12.26,76.96,743.0,166.7,40.0,True,soil_temp_c_hard_range_violation;,0 days 00:15:00,0
SENS-07,2026-06-03 18:15:00,orchid_bark,12.52,75.6,652.0,138.9,30.0,True,soil_temp_c_hard_range_violation;,0 days 00:15:00,0
SENS-07,2026-06-03 18:30:00,orchid_bark,12.48,75.07,695.0,129.0,36.7,True,soil_temp_c_hard_range_violation;,0 days 00:15:00,0
SENS-07,2026-06-03 18:45:00,orchid_bark,12.59,75.7,695.0,109.0,33.9,True,soil_temp_c_hard_range_violation;,0 days 00:15:00,0
SENS-07,2026-06-03 19:00:00,orchid_bark,12.35,74.66,809.0,73.8,39.0,True,soil_temp_c_hard_range_violation;,0 days 00:15:00,0
SENS-07,2026-06-03 19:15:00,orchid_bark,12.29,75.2,642.0,63.8,37.2,True,soil_temp_c_hard_range_violation;,0 days 00:15:00,0
SENS-07,2026-06-03 19:30:00,orchid_bark,12.52,75.99,644.0,29.1,42.3,True,soil_temp_c_hard_range_violation;,0 days 00:15:00,0
SENS-07,2026-06-03 19:45:00,orchid_bark,12.54,74.5,678.0,23.1,36.3,True,soil_temp_c_hard_range_violation;,0 days 00:15:00,0
SENS-07,2026-06-03 20:00:00,orchid_bark,12.49,73.27,675.0,3.4,37.8,True,soil_temp_c_hard_range_violation;,0 days 00:15:00,0
SENS-07,2026-06-03 20:15:00,orchid_bark,12.6,73.65,702.0,0.0,37.6,True,soil_temp_c_hard_range_violation;,0 days 00:15:00,0
SENS-07,2026-06-03 20:30:00,orchid_bark,12.65,74.23,681.0,0.0,40.5,True,soil_temp_c_hard_range_violation;,0 days 00:15:00,0
SENS-07,2026-06-03 20:45:00,orchid_bark,13.06,73.38,734.0,0.0,35.9,True,soil_temp_c_hard_range_violation;,0 days 00:15:00,0
SENS-07,2026-06-03 21:00:00,orchid_bark,13.06,73.45,704.0,20.3,36.4,True,soil_temp_c_hard_range_violation;,0 days 00:15:00,0
SENS-07,2026-06-03 21:15:00,orchid_bark,13.18,72.12,662.0,5.0,38.3,True,soil_temp_c_hard_range_violation;,0 days 00:15:00,0
SENS-07,2026-06-03 21:30:00,orchid_bark,13.14,71.91,691.0,0.0,42.5,True,soil_temp_c_hard_range_violation;,0 days 00:15:00,0
SENS-07,2026-06-03 21:45:00,orchid_bark,12.93,72.28,690.0,7.7,44.6,True,soil_temp_c_hard_range_violation;,0 days 00:15:00,0
SENS-07,2026-06-03 22:00:00,orchid_bark,13.01,72.59,746.0,11.8,42.0,True,soil_temp_c_hard_range_violation;,0 days 00:15:00,0
SENS-07,2026-06-03 22:15:00,orchid_bark,12.7,70.75,735.0,9.7,44.9,True,soil_temp_c_hard_range_violation;,0 days 00:15:00,0
SENS-07,2026-06-03 22:30:00,orchid_bark,12.89,70.65,729.0,0.0,45.6,True,soil_temp_c_hard_range_violation;,0 days 00:15:00,0
SENS-07,2026-06-03 22:45:00,orchid_bark,12.62,71.01,671.0,0.0,44.8,True,soil_temp_c_hard_range_violation;,0 days 00:15:00,0
SENS-07,2026-06-03 23:00:00,orchid_bark,12.44,69.89,713.0,0.0,45.8,True,soil_temp_c_hard_range_violation;,0 days 00:15:00,0
SENS-07,2026-06-03 23:15:00,orchid_bark,12.24,69.85,654.0,0.0,49.3,True,soil_temp_c_hard_range_violation;,0 days 00:15:00,0
SENS-07,2026-06-03 23:30:00,orchid_bark,12.36,68.45,726.0,0.0,53.9,True,soil_temp_c_hard_range_violation;,0 days 00:15:00,0
SENS-07,2026-06-03 23:45:00,orchid_bark,12.13,68.58,749.0,0.0,52.2,True,soil_temp_c_hard_range_violation;,0 days 00:15:00,0
SENS-07,2026-06-04 00:00:00,orchid_bark,12.23,67.73,617.0,0.0,53.9,True,soil_temp_c_hard_range_violation;,0 days 00:15:00,0
SENS-07,2026-06-04 00:15:00,orchid_bark,12.1,66.56,697.0,0.0,57.6,True,soil_temp_c_hard_range_violation;,0 days 00:15:00,0
SENS-07,2026-06-04 00:30:00,orchid_bark,12.07,66.76,697.0,0.0,50.6,True,soil_temp_c_hard_range_violation;,0 days 00:15:00,0
SENS-07,2026-06-04 00:45:00,orchid_bark,11.96,67.33,737.0,0.0,55.9,True,soil_temp_c_hard_range_violation;,0 days 00:15:00,0
SENS-07,2026-06-04 01:00:00,orchid_bark,12.43,67.05,677.0,0.0,59.4,True,soil_temp_c_hard_range_violation;,0 days 00:15:00,0
SENS-07,2026-06-04 01:15:00,orchid_bark,12.09,66.85,676.0,0.0,59.0,True,soil_temp_c_hard_range_violation;,0 days 00:15:00,0
SENS-07,2026-06-04 01:30:00,orchid_bark,12.19,66.33,707.0,0.0,55.6,True,soil_temp_c_hard_range_violation;,0 days 00:15:00,0
SENS-07,2026-06-04 01:45:00,orchid_bark,12.18,65.48,725.0,0.0,56.1,True,soil_temp_c_hard_range_violation;,0 days 00:15:00,0
SENS-07,2026-06-04 02:00:00,orchid_bark,29.12,64.02,709.0,0.0,64.6,True,soil_temp_c_hard_range_violation;,0 days 00:15:00,0
SENS-07,2026-06-04 02:15:00,orchid_bark,28.75,64.24,736.0,0.0,62.0,True,soil_temp_c_hard_range_violation;,0 days 00:15:00,0
SENS-07,2026-06-04 02:30:00,orchid_bark,28.36,65.61,728.0,0.0,62.8,True,soil_temp_c_hard_range_violation;,0 days 00:15:00,0
SENS-07,2026-06-04 02:45:00,orchid_bark,27.96,63.95,680.0,0.0,63.0,True,soil_temp_c_hard_range_violation;,0 days 00:15:00,0
SENS-07,2026-06-04 03:00:00,orchid_bark,27.82,64.29,702.0,0.0,68.5,True,soil_temp_c_hard_range_violation;,0 days 00:15:00,0
SENS-07,2026-06-04 03:15:00,orchid_bark,27.53,64.2,723.0,0.0,67.9,True,soil_temp_c_hard_range_violation;,0 days 00:15:00,0
SENS-07,2026-06-04 03:30:00,orchid_bark,27.2,62.98,669.0,0.0,65.4,True,soil_temp_c_hard_range_violation;,0 days 00:15:00,0
SENS-07,2026-06-04 03:45:00,orchid_bark,27.11,64.08,674.0,0.0,69.6,True,soil_temp_c_hard_range_violation;,0 days 00:15:00,0
SENS-07,2026-06-04 04:00:00,orchid_bark,27.17,64.81,643.0,0.0,68.3,True,soil_temp_c_hard_range_violation;,0 days 00:15:00,0
SENS-07,2026-06-04 04:15:00,orchid_bark,26.73,63.61,748.0,0.0,71.1,True,soil_temp_c_hard_range_violation;,0 days 00:15:00,0
SENS-07,2026-06-04 04:30:00,orchid_bark,26.64,63.36,788.0,0.0,73.3,True,soil_temp_c_hard_range_violation;,0 days 00:15:00,0
SENS-07,2026-06-04 04:45:00,orchid_bark,26.59,62.67,674.0,0.0,73.7,True,soil_temp_c_hard_range_violation;,0 days 00:15:00,0
SENS-07,2026-06-04 05:00:00,orchid_bark,26.7,63.3,724.0,0.0,65.4,True,soil_temp_c_hard_range_violation;,0 days 00:15:00,0
SENS-07,2026-06-04 05:15:00,orchid_bark,26.49,63.9,751.0,0.0,72.7,True,soil_temp_c_hard_range_violation;,0 days 00:15:00,0
SENS-07,2026-06-04 05:30:00,orchid_bark,26.65,63.55,654.0,0.0,76.1,True,soil_temp_c_hard_range_violation;,0 days 00:15:00,0
SENS-07,2026-06-04 05:45:00,orchid_bark,26.61,63.3,715.0,0.0,69.9,True,soil_temp_c_hard_range_violation;,0 days 00:15:00,0
SENS-07,2026-06-04 06:00:00,orchid_bark,26.08,64.44,754.0,0.0,78.4,True,soil_temp_c_hard_range_violation;,0 days 00:15:00,0
SENS-07,2026-06-04 06:15:00,orchid_bark,26.0,63.64,691.0,0.0,74.5,True,soil_temp_c_hard_range_violation;,0 days 00:15:00,0
SENS-07,2026-06-04 06:30:00,orchid_bark,25.85,63.68,698.0,0.0,75.7,True,soil_temp_c_hard_range_violation;,0 days 00:15:00,0
SENS-07,2026-06-04 06:45:00,orchid_bark,25.9,64.26,756.0,0.0,75.8,True,soil_temp_c_hard_range_violation;,0 days 00:15:00,0
SENS-07,2026-06-04 07:00:00,orchid_bark,25.99,65.28,684.0,0.0,69.0,True,soil_temp_c_hard_range_violation;,0 days 00:15:00,0
SENS-07,2026-06-04 07:15:00,orchid_bark,25.65,64.45,678.0,0.0,75.9,True,soil_temp_c_hard_range_violation;,0 days 00:15:00,0
SENS-07,2026-06-04 07:30:00,orchid_bark,25.69,64.17,694.0,0.0,74.3,True,soil_temp_c_hard_range_violation;,0 days 00:15:00,0
SENS-07,2026-06-04 07:45:00,orchid_bark,25.53,65.46,774.0,0.0,71.3,True,soil_temp_c_hard_range_violation;,0 days 00:15:00,0
SENS-07,2026-06-04 08:00:00,orchid_bark,25.24,65.1,733.0,0.0,77.3,True,soil_temp_c_hard_range_violation;,0 days 00:15:00,0
SENS-07,2026-06-04 08:15:00,orchid_bark,25.4,66.04,723.0,24.0,66.4,True,soil_temp_c_hard_range_violation;,0 days 00:15:00,0
SENS-07,2026-06-04 08:30:00,orchid_bark,25.16,64.49,723.0,41.3,69.8,True,soil_temp_c_hard_range_violation;,0 days 00:15:00,0
SENS-07,2026-06-04 08:45:00,orchid_bark,25.03,66.33,657.0,69.9,75.5,True,soil_temp_c_hard_range_violation;,0 days 00:15:00,0
SENS-07,2026-06-04 09:00:00,orchid_bark,24.88,66.47,724.0,84.9,73.6,True,soil_temp_c_hard_range_violation;,0 days 00:15:00,0
SENS-07,2026-06-04 09:15:00,orchid_bark,24.85,66.33,685.0,107.7,68.4,True,soil_temp_c_hard_range_violation;,0 days 00:15:00,0
SENS-07,2026-06-04 09:30:00,orchid_bark,24.98,66.52,694.0,124.3,67.1,True,soil_temp_c_hard_range_violation;,0 days 00:15:00,0
SENS-07,2026-06-04 09:45:00,orchid_bark,25.17,67.57,692.0,132.3,68.0,True,soil_temp_c_hard_range_violation;,0 days 00:15:00,0
SENS-07,2026-06-04 10:00:00,orchid_bark,25.21,67.41,740.0,157.0,68.9,True,soil_temp_c_hard_range_violation;,0 days 00:15:00,0
SENS-07,2026-06-04 10:15:00,orchid_bark,24.74,66.43,776.0,172.4,65.8,True,soil_temp_c_hard_range_violation;,0 days 00:15:00,0
SENS-07,2026-06-04 10:30:00,orchid_bark,24.9,68.13,666.0,200.9,66.0,True,soil_temp_c_hard_range_violation;,0 days 00:15:00,0
SENS-07,2026-06-04 10:45:00,orchid_bark,24.89,68.5,745.0,217.8,65.6,True,soil_temp_c_hard_range_violation;,0 days 00:15:00,0
SENS-07,2026-06-04 11:00:00,orchid_bark,24.97,69.82,697.0,225.6,63.3,True,soil_temp_c_hard_range_violation;,0 days 00:15:00,0
SENS-07,2026-06-04 11:15:00,orchid_bark,24.78,69.35,734.0,241.8,62.0,True,soil_temp_c_hard_range_violation;,0 days 00:15:00,0
SENS-07,2026-06-04 11:30:00,orchid_bark,24.64,70.63,716.0,241.2,58.7,True,soil_temp_c_hard_range_violation;,0 days 00:15:00,0
SENS-07,2026-06-04 11:45:00,orchid_bark,24.7,70.34,680.0,263.0,61.1,True,soil_temp_c_hard_range_violation;,0 days 00:15:00,0
SENS-07,2026-06-04 12:00:00,orchid_bark,24.97,72.0,679.0,257.1,59.9,True,soil_temp_c_hard_range_violation;,0 days 00:15:00,0
SENS-07,2026-06-04 12:15:00,orchid_bark,24.88,72.09,696.0,293.5,56.1,True,soil_temp_c_hard_range_violation;,0 days 00:15:00,0
SENS-07,2026-06-04 12:30:00,orchid_bark,24.49,72.0,719.0,313.5,58.6,True,soil_temp_c_hard_range_violation;,0 days 00:15:00,0
SENS-07,2026-06-04 12:45:00,orchid_bark,24.48,72.7,724.0,298.8,60.1,True,soil_temp_c_hard_range_violation;,0 days 00:15:00,0
SENS-07,2026-06-04 13:00:00,orchid_bark,24.32,73.36,823.0,310.9,55.6,True,soil_temp_c_hard_range_violation;,0 days 00:15:00,0
SENS-07,2026-06-04 13:15:00,orchid_bark,23.98,73.35,726.0,317.2,55.5,True,soil_temp_c_hard_range_violation;,0 days 00:15:00,0
SENS-07,2026-06-04 13:30:00,orchid_bark,23.83,73.74,653.0,308.2,56.0,True,soil_temp_c_hard_range_violation;,0 days 00:15:00,0
SENS-07,2026-06-04 13:45:00,orchid_bark,23.8,72.43,755.0,318.3,51.8,True,soil_temp_c_hard_range_violation;,0 days 00:15:00,0
SENS-07,2026-06-04 14:00:00,orchid_bark,23.89,73.89,728.0,323.7,53.4,True,soil_temp_c_hard_range_violation;,0 days 00:15:00,0
SENS-07,2026-06-04 14:15:00,orchid_bark,23.67,73.98,698.0,320.7,42.7,True,soil_temp_c_hard_range_violation;,0 days 00:15:00,0
SENS-07,2026-06-04 14:30:00,orchid_bark,23.46,75.56,660.0,317.7,46.4,True,soil_temp_c_hard_range_violation;,0 days 00:15:00,0
SENS-07,2026-06-04 14:45:00,orchid_bark,23.32,74.75,693.0,311.5,44.1,True,soil_temp_c_hard_range_violation;,0 days 00:15:00,0
SENS-07,2026-06-04 15:00:00,orchid_bark,23.55,74.77,751.0,302.6,50.6,True,soil_temp_c_hard_range_violation;,0 days 00:15:00,0
SENS-07,2026-06-04 15:15:00,orchid_bark,23.7,75.87,725.0,308.4,47.3,True,soil_temp_c_hard_range_violation;,0 days 00:15:00,0
SENS-07,2026-06-04 15:30:00,orchid_bark,23.69,74.53,759.0,309.7,40.8,True,soil_temp_c_hard_range_violation;,0 days 00:15:00,0
SENS-07,2026-06-04 15:45:00,orchid_bark,23.68,75.7,757.0,271.0,40.6,True,soil_temp_c_hard_range_violation;,0 days 00:15:00,0
SENS-07,2026-06-04 16:00:00,orchid_bark,23.49,74.46,713.0,259.9,38.5,True,soil_temp_c_hard_range_violation;,0 days 00:15:00,0
SENS-07,2026-06-04 16:15:00,orchid_bark,23.53,75.45,579.0,256.4,42.8,True,soil_temp_c_hard_range_violation;,0 days 00:15:00,0
SENS-07,2026-06-04 16:30:00,orchid_bark,23.21,75.7,669.0,250.3,41.7,True,soil_temp_c_hard_range_violation;,0 days 00:15:00,0
SENS-07,2026-06-04 16:45:00,orchid_bark,23.19,77.14,643.0,238.5,39.1,True,soil_temp_c_hard_range_violation;,0 days 00:15:00,0
SENS-07,2026-06-04 17:00:00,orchid_bark,22.67,75.99,761.0,227.3,37.2,True,soil_temp_c_hard_range_violation;,0 days 00:15:00,0
SENS-07,2026-06-04 17:15:00,orchid_bark,22.23,75.45,725.0,211.6,39.1,True,soil_temp_c_hard_range_violation;,0 days 00:15:00,0
SENS-07,2026-06-04 17:30:00,orchid_bark,21.74,75.96,696.0,193.7,46.5,True,soil_temp_c_hard_range_violation;,0 days 00:15:00,0
SENS-07,2026-06-04 17:45:00,orchid_bark,22.01,77.02,684.0,188.0,37.2,True,soil_temp_c_hard_range_violation;,0 days 00:15:00,0
SENS-07,2026-06-04 18:00:00,orchid_bark,21.88,74.41,748.0,152.6,41.4,True,soil_temp_c_hard_range_violation;,0 days 00:15:00,0
SENS-07,2026-06-04 18:15:00,orchid_bark,21.5,76.32,669.0,148.8,36.8,True,soil_temp_c_hard_range_violation;,0 days 00:15:00,0
SENS-07,2026-06-04 18:30:00,orchid_bark,21.89,75.9,653.0,138.3,40.4,True,soil_temp_c_hard_range_violation;,0 days 00:15:00,0
SENS-07,2026-06-04 18:45:00,orchid_bark,21.64,75.36,649.0,91.1,39.2,True,soil_temp_c_hard_range_violation;,0 days 00:15:00,0
SENS-07,2026-06-04 19:00:00,orchid_bark,21.64,75.04,709.0,67.2,37.3,True,soil_temp_c_hard_range_violation;,0 days 00:15:00,0
SENS-07,2026-06-04 19:15:00,orchid_bark,21.39,76.06,672.0,63.9,39.3,True,soil_temp_c_hard_range_violation;,0 days 00:15:00,0
SENS-07,2026-06-04 19:30:00,orchid_bark,21.45,75.31,744.0,46.9,41.1,True,soil_temp_c_hard_range_violation;,0 days 00:15:00,0
SENS-07,2026-06-04 19:45:00,orchid_bark,21.35,73.8,704.0,21.2,37.9,True,soil_temp_c_hard_range_violation;,0 days 00:15:00,0
SENS-07,2026-06-04 20:00:00,orchid_bark,21.1,74.26,648.0,0.0,37.4,True,soil_temp_c_hard_range_violation;,0 days 00:15:00,0
SENS-07,2026-06-04 20:15:00,orchid_bark,20.74,74.86,694.0,0.0,40.3,True,soil_temp_c_hard_range_violation;,0 days 00:15:00,0
SENS-07,2026-06-04 20:30:00,orchid_bark,20.51,74.03,665.0,0.0,43.6,True,soil_temp_c_hard_range_violation;,0 days 00:15:00,0
SENS-07,2026-06-04 20:45:00,orchid_bark,20.22,73.49,698.0,3.3,35.1,True,soil_temp_c_hard_range_violation;,0 days 00:15:00,0
SENS-07,2026-06-04 21:00:00,orchid_bark,19.78,72.01,747.0,0.0,36.0,True,soil_temp_c_hard_range_violation;,0 days 00:15:00,0
SENS-07,2026-06-04 21:15:00,orchid_bark,19.85,74.25,697.0,1.7,44.6,True,soil_temp_c_hard_range_violation;,0 days 00:15:00,0
SENS-07,2026-06-04 21:30:00,orchid_bark,19.99,72.73,676.0,1.5,39.5,True,soil_temp_c_hard_range_violation;,0 days 00:15:00,0
SENS-07,2026-06-04 21:45:00,orchid_bark,19.77,73.11,721.0,7.4,45.6,True,soil_temp_c_hard_range_violation;,0 days 00:15:00,0
SENS-07,2026-06-04 22:00:00,orchid_bark,19.27,71.65,686.0,0.0,40.6,True,soil_temp_c_hard_range_violation;,0 days 00:15:00,0
SENS-07,2026-06-04 22:15:00,orchid_bark,19.27,71.02,724.0,0.7,42.1,True,soil_temp_c_hard_range_violation;,0 days 00:15:00,0
SENS-07,2026-06-04 22:30:00,orchid_bark,19.22,70.16,716.0,11.5,47.5,True,soil_temp_c_hard_range_violation;,0 days 00:15:00,0
SENS-07,2026-06-04 22:45:00,orchid_bark,18.95,70.92,661.0,0.0,47.6,True,soil_temp_c_hard_range_violation;,0 days 00:15:00,0
SENS-07,2026-06-04 23:00:00,orchid_bark,18.87,70.88,650.0,0.0,43.0,True,soil_temp_c_hard_range_violation;,0 days 00:15:00,0
SENS-07,2026-06-04 23:15:00,orchid_bark,18.24,70.14,688.0,0.0,49.2,True,soil_temp_c_hard_range_violation;,0 days 00:15:00,0
SENS-07,2026-06-04 23:30:00,orchid_bark,18.18,70.61,719.0,0.0,46.5,True,soil_temp_c_hard_range_violation;,0 days 00:15:00,0
SENS-07,2026-06-04 23:45:00,orchid_bark,18.09,68.67,772.0,0.0,50.9,True,soil_temp_c_hard_range_violation;,0 days 00:15:00,0
SENS-07,2026-06-05 00:00:00,orchid_bark,18.29,67.73,657.0,0.0,50.9,True,soil_temp_c_hard_range_violation;,0 days 00:15:00,0
SENS-07,2026-06-05 00:15:00,orchid_bark,18.27,67.96,662.0,0.0,51.3,True,soil_temp_c_hard_range_violation;,0 days 00:15:00,0
SENS-07,2026-06-05 00:30:00,orchid_bark,18.23,67.96,741.0,0.0,51.2,True,soil_temp_c_hard_range_violation;,0 days 00:15:00,0
SENS-07,2026-06-05 00:45:00,orchid_bark,18.56,66.83,710.0,0.0,49.2,True,soil_temp_c_hard_range_violation;,0 days 00:15:00,0
SENS-07,2026-06-05 01:00:00,orchid_bark,18.33,66.61,695.0,0.0,53.5,True,soil_temp_c_hard_range_violation;,0 days 00:15:00,0
SENS-07,2026-06-05 01:15:00,orchid_bark,17.96,66.45,729.0,0.0,58.6,True,soil_temp_c_hard_range_violation;,0 days 00:15:00,0
SENS-07,2026-06-05 01:30:00,orchid_bark,18.08,66.33,752.0,0.0,59.1,True,soil_temp_c_hard_range_violation;,0 days 00:15:00,0
SENS-07,2026-06-05 01:45:00,orchid_bark,18.23,65.75,743.0,0.0,56.4,True,soil_temp_c_hard_range_violation;,0 days 00:15:00,0
SENS-07,2026-06-05 02:00:00,orchid_bark,18.38,65.5,674.0,0.0,63.3,True,soil_temp_c_hard_range_violation;,0 days 00:15:00,0
SENS-07,2026-06-05 02:15:00,orchid_bark,18.27,65.52,719.0,0.0,62.3,True,soil_temp_c_hard_range_violation;,0 days 00:15:00,0
SENS-07,2026-06-05 02:30:00,orchid_bark,18.06,65.35,747.0,0.0,64.1,True,soil_temp_c_hard_range_violation;,0 days 00:15:00,0
SENS-07,2026-06-05 02:45:00,orchid_bark,17.75,64.2,690.0,0.0,60.2,True,soil_temp_c_hard_range_violation;,0 days 00:15:00,0
SENS-07,2026-06-05 03:00:00,orchid_bark,17.51,63.01,717.0,0.0,69.8,True,soil_temp_c_hard_range_violation;,0 days 00:15:00,0
SENS-07,2026-06-05 03:15:00,orchid_bark,17.15,63.41,678.0,0.0,66.9,True,soil_temp_c_hard_range_violation;,0 days 00:15:00,0
SENS-07,2026-06-05 03:30:00,orchid_bark,17.01,64.31,664.0,0.0,71.0,True,soil_temp_c_hard_range_violation;,0 days 00:15:00,0
SENS-07,2026-06-05 03:45:00,orchid_bark,17.29,63.3,718.0,0.0,65.4,True,soil_temp_c_hard_range_violation;,0 days 00:15:00,0
SENS-07,2026-06-05 04:00:00,orchid_bark,17.13,63.91,739.0,0.0,62.7,True,soil_temp_c_hard_range_violation;,0 days 00:15:00,0
SENS-07,2026-06-05 04:15:00,orchid_bark,17.1,63.57,732.0,0.0,66.1,True,soil_temp_c_hard_range_violation;,0 days 00:15:00,0
SENS-07,2026-06-05 04:30:00,orchid_bark,17.16,63.61,648.0,0.0,72.8,True,soil_temp_c_hard_range_violation;,0 days 00:15:00,0
SENS-07,2026-06-05 04:45:00,orchid_bark,17.03,63.86,755.0,0.0,67.0,True,soil_temp_c_hard_range_violation;,0 days 00:15:00,0
SENS-07,2026-06-05 05:00:00,orchid_bark,16.91,64.36,725.0,0.0,75.5,True,soil_temp_c_hard_range_violation;,0 days 00:15:00,0
SENS-07,2026-06-05 05:15:00,orchid_bark,17.11,63.5,747.0,0.0,69.4,True,soil_temp_c_hard_range_violation;,0 days 00:15:00,0
SENS-07,2026-06-05 05:30:00,orchid_bark,17.1,62.8,665.0,0.0,73.2,True,soil_temp_c_hard_range_violation;,0 days 00:15:00,0
SENS-07,2026-06-05 05:45:00,orchid_bark,17.27,63.84,736.0,0.0,73.2,True,soil_temp_c_hard_range_violation;,0 days 00:15:00,0
SENS-07,2026-06-05 06:00:00,orchid_bark,17.69,64.22,728.0,0.0,71.9,True,soil_temp_c_hard_range_violation;,0 days 00:15:00,0
SENS-07,2026-06-05 06:15:00,orchid_bark,17.46,62.2,652.0,0.0,72.2,True,soil_temp_c_hard_range_violation;,0 days 00:15:00,0
SENS-07,2026-06-05 06:30:00,orchid_bark,17.37,63.46,720.0,0.0,70.3,True,soil_temp_c_hard_range_violation;,0 days 00:15:00,0
SENS-07,2026-06-05 06:45:00,orchid_bark,17.28,64.17,661.0,0.0,79.3,True,soil_temp_c_hard_range_violation;,0 days 00:15:00,0
SENS-07,2026-06-05 07:00:00,orchid_bark,17.13,64.0,703.0,0.0,75.0,True,soil_temp_c_hard_range_violation;,0 days 00:15:00,0
SENS-07,2026-06-05 07:15:00,orchid_bark,16.99,64.65,795.0,0.0,68.5,True,soil_temp_c_hard_range_violation;,0 days 00:15:00,0
SENS-07,2026-06-05 07:30:00,orchid_bark,17.22,64.35,714.0,0.0,69.2,True,soil_temp_c_hard_range_violation;,0 days 00:15:00,0
SENS-07,2026-06-05 07:45:00,orchid_bark,17.18,65.73,698.0,16.4,74.7,True,soil_temp_c_hard_range_violation;,0 days 00:15:00,0
SENS-07,2026-06-05 08:00:00,orchid_bark,17.63,65.39,643.0,0.0,72.8,True,soil_temp_c_hard_range_violation;,0 days 00:15:00,0
SENS-07,2026-06-05 08:15:00,orchid_bark,17.49,64.35,714.0,20.1,67.0,True,soil_temp_c_hard_range_violation;,0 days 00:15:00,0
SENS-07,2026-06-05 08:30:00,orchid_bark,17.73,66.49,697.0,47.8,79.7,True,soil_temp_c_hard_range_violation;,0 days 00:15:00,0
SENS-07,2026-06-05 08:45:00,orchid_bark,18.03,66.87,622.0,62.2,63.2,True,soil_temp_c_hard_range_violation;,0 days 00:15:00,0
SENS-07,2026-06-05 09:00:00,orchid_bark,17.95,66.63,659.0,93.8,69.6,True,soil_temp_c_hard_range_violation;,0 days 00:15:00,0
SENS-07,2026-06-05 09:15:00,orchid_bark,17.97,65.7,738.0,86.3,70.5,True,soil_temp_c_hard_range_violation;,0 days 00:15:00,0
SENS-07,2026-06-05 09:30:00,orchid_bark,18.09,68.04,754.0,121.6,67.7,True,soil_temp_c_hard_range_violation;,0 days 00:15:00,0
SENS-07,2026-06-05 09:45:00,orchid_bark,17.91,67.05,706.0,139.5,71.5,True,soil_temp_c_hard_range_violation;,0 days 00:15:00,0
SENS-07,2026-06-05 10:00:00,orchid_bark,18.19,67.91,743.0,159.1,69.7,True,soil_temp_c_hard_range_violation;,0 days 00:15:00,0
SENS-07,2026-06-05 10:15:00,orchid_bark,17.96,68.16,704.0,165.1,67.7,True,soil_temp_c_hard_range_violation;,0 days 00:15:00,0
SENS-07,2026-06-05 10:30:00,orchid_bark,17.79,67.95,672.0,192.5,66.2,True,soil_temp_c_hard_range_violation;,0 days 00:15:00,0
SENS-07,2026-06-05 10:45:00,orchid_bark,17.63,69.39,791.0,208.3,67.0,True,soil_temp_c_hard_range_violation;,0 days 00:15:00,0
SENS-07,2026-06-05 11:00:00,orchid_bark,17.62,69.94,646.0,228.2,63.8,True,soil_temp_c_hard_range_violation;,0 days 00:15:00,0
SENS-07,2026-06-05 11:15:00,orchid_bark,17.63,70.29,720.0,249.4,58.9,True,soil_temp_c_hard_range_violation;,0 days 00:15:00,0
SENS-07,2026-06-05 11:30:00,orchid_bark,17.44,70.47,677.0,254.8,65.2,True,soil_temp_c_hard_range_violation;,0 days 00:15:00,0
SENS-07,2026-06-05 11:45:00,orchid_bark,17.36,70.48,694.0,269.4,66.5,True,soil_temp_c_hard_range_violation;,0 days 00:15:00,0
SENS-07,2026-06-05 12:00:00,orchid_bark,17.08,72.48,766.0,287.2,60.3,True,soil_temp_c_hard_range_violation;,0 days 00:15:00,0
SENS-07,2026-06-05 12:15:00,orchid_bark,17.26,71.96,704.0,296.5,59.3,True,soil_temp_c_hard_range_violation;,0 days 00:15:00,0
SENS-07,2026-06-05 12:30:00,orchid_bark,17.35,71.55,690.0,276.6,57.7,True,soil_temp_c_hard_range_violation;,0 days 00:15:00,0
SENS-07,2026-06-05 12:45:00,orchid_bark,17.22,72.9,681.0,309.4,52.7,True,soil_temp_c_hard_range_violation;,0 days 00:15:00,0
SENS-07,2026-06-05 13:00:00,orchid_bark,17.13,73.22,725.0,315.4,53.8,True,soil_temp_c_hard_range_violation;,0 days 00:15:00,0
SENS-07,2026-06-05 13:15:00,orchid_bark,16.94,73.74,665.0,311.8,56.6,True,soil_temp_c_hard_range_violation;,0 days 00:15:00,0
SENS-07,2026-06-05 13:30:00,orchid_bark,16.71,73.62,706.0,313.6,53.8,True,soil_temp_c_hard_range_violation;,0 days 00:15:00,0
SENS-07,2026-06-05 13:45:00,orchid_bark,16.44,73.51,697.0,310.3,57.1,True,soil_temp_c_hard_range_violation;,0 days 00:15:00,0
SENS-07,2026-06-05 14:00:00,orchid_bark,16.21,73.27,671.0,304.5,53.0,True,soil_temp_c_hard_range_violation;,0 days 00:15:00,0
SENS-07,2026-06-05 14:15:00,orchid_bark,16.36,74.16,645.0,326.1,48.4,True,soil_temp_c_hard_range_violation;,0 days 00:15:00,0
SENS-07,2026-06-05 14:30:00,orchid_bark,16.52,73.6,704.0,323.4,50.6,True,soil_temp_c_hard_range_violation;,0 days 00:15:00,0
SENS-07,2026-06-05 14:45:00,orchid_bark,16.2,75.25,688.0,313.1,46.9,True,soil_temp_c_hard_range_violation;,0 days 00:15:00,0
SENS-07,2026-06-05 15:00:00,orchid_bark,16.3,74.1,712.0,314.8,41.5,True,soil_temp_c_hard_range_violation;,0 days 00:15:00,0
SENS-07,2026-06-05 15:15:00,orchid_bark,16.01,75.2,616.0,311.2,48.6,True,soil_temp_c_hard_range_violation;,0 days 00:15:00,0
SENS-07,2026-06-05 15:30:00,orchid_bark,16.12,76.15,684.0,281.3,46.0,True,soil_temp_c_hard_range_violation;,0 days 00:15:00,0
SENS-07,2026-06-05 15:45:00,orchid_bark,16.09,75.6,737.0,289.0,52.4,True,soil_temp_c_hard_range_violation;,0 days 00:15:00,0
SENS-07,2026-06-05 16:00:00,orchid_bark,15.95,75.85,637.0,275.2,41.1,True,soil_temp_c_hard_range_violation;,0 days 00:15:00,0
SENS-07,2026-06-05 16:15:00,orchid_bark,15.99,76.3,778.0,269.5,44.1,True,soil_temp_c_hard_range_violation;,0 days 00:15:00,0
SENS-07,2026-06-05 16:30:00,orchid_bark,16.22,76.42,717.0,255.4,39.0,True,soil_temp_c_hard_range_violation;,0 days 00:15:00,0
SENS-07,2026-06-05 16:45:00,orchid_bark,15.8,76.84,697.0,246.7,37.9,True,soil_temp_c_hard_range_violation;,0 days 00:15:00,0
SENS-07,2026-06-05 17:00:00,orchid_bark,15.99,76.51,707.0,213.6,46.9,True,soil_temp_c_hard_range_violation;,0 days 00:15:00,0
SENS-07,2026-06-05 17:15:00,orchid_bark,15.79,76.35,669.0,221.5,33.1,True,soil_temp_c_hard_range_violation;,0 days 00:15:00,0
SENS-07,2026-06-05 17:30:00,orchid_bark,16.04,74.64,759.0,190.6,38.7,True,soil_temp_c_hard_range_violation;,0 days 00:15:00,0
SENS-07,2026-06-05 17:45:00,orchid_bark,16.17,76.15,710.0,176.7,43.6,True,soil_temp_c_hard_range_violation;,0 days 00:15:00,0
SENS-07,2026-06-05 18:00:00,orchid_bark,15.9,77.07,705.0,145.9,33.4,True,soil_temp_c_hard_range_violation;,0 days 00:15:00,0
SENS-07,2026-06-05 18:15:00,orchid_bark,15.74,76.23,743.0,140.7,36.3,True,soil_temp_c_hard_range_violation;,0 days 00:15:00,0
SENS-07,2026-06-05 18:30:00,orchid_bark,15.8,76.32,718.0,122.3,40.3,True,soil_temp_c_hard_range_violation;,0 days 00:15:00,0
SENS-07,2026-06-05 18:45:00,orchid_bark,15.95,74.97,675.0,102.2,33.9,True,soil_temp_c_hard_range_violation;,0 days 00:15:00,0
SENS-07,2026-06-05 19:00:00,orchid_bark,16.01,75.2,701.0,76.9,38.4,True,soil_temp_c_hard_range_violation;,0 days 00:15:00,0
SENS-07,2026-06-05 19:15:00,orchid_bark,16.04,75.45,725.0,52.7,35.1,True,soil_temp_c_hard_range_violation;,0 days 00:15:00,0
SENS-07,2026-06-05 19:30:00,orchid_bark,15.87,75.11,705.0,46.9,41.6,True,soil_temp_c_hard_range_violation;,0 days 00:15:00,0
SENS-07,2026-06-05 19:45:00,orchid_bark,15.84,75.11,649.0,7.0,41.7,True,soil_temp_c_hard_range_violation;,0 days 00:15:00,0
SENS-07,2026-06-05 20:00:00,orchid_bark,15.79,73.44,759.0,6.4,36.6,True,soil_temp_c_hard_range_violation;,0 days 00:15:00,0
SENS-07,2026-06-05 20:15:00,orchid_bark,15.45,73.38,709.0,13.6,29.8,True,soil_temp_c_hard_range_violation;,0 days 00:15:00,0
SENS-07,2026-06-05 20:30:00,orchid_bark,15.48,72.7,687.0,17.7,40.3,True,soil_temp_c_hard_range_violation;,0 days 00:15:00,0
SENS-07,2026-06-05 20:45:00,orchid_bark,15.37,73.49,729.0,0.0,42.4,True,soil_temp_c_hard_range_violation;,0 days 00:15:00,0
SENS-07,2026-06-05 21:00:00,orchid_bark,15.61,72.82,683.0,4.7,41.4,True,soil_temp_c_hard_range_violation;,0 days 00:15:00,0
SENS-07,2026-06-05 21:15:00,orchid_bark,15.8,72.45,641.0,0.0,41.7,True,soil_temp_c_hard_range_violation;,0 days 00:15:00,0
SENS-07,2026-06-05 21:30:00,orchid_bark,15.8,71.73,702.0,9.8,41.9,True,soil_temp_c_hard_range_violation;,0 days 00:15:00,0
SENS-07,2026-06-05 21:45:00,orchid_bark,15.98,71.22,729.0,3.1,40.9,True,soil_temp_c_hard_range_violation;,0 days 00:15:00,0
SENS-07,2026-06-05 22:00:00,orchid_bark,16.07,71.44,692.0,0.0,40.4,True,soil_temp_c_hard_range_violation;,0 days 00:15:00,0
SENS-07,2026-06-05 22:15:00,orchid_bark,16.02,71.83,693.0,0.0,43.7,True,soil_temp_c_hard_range_violation;,0 days 00:15:00,0
SENS-07,2026-06-05 22:30:00,orchid_bark,15.69,71.74,695.0,0.0,43.7,True,soil_temp_c_hard_range_violation;,0 days 00:15:00,0
SENS-07,2026-06-05 22:45:00,orchid_bark,15.62,71.35,698.0,0.0,47.4,True,soil_temp_c_hard_range_violation;,0 days 00:15:00,0
SENS-07,2026-06-05 23:00:00,orchid_bark,15.52,69.46,708.0,0.0,43.8,True,soil_temp_c_hard_range_violation;,0 days 00:15:00,0
SENS-07,2026-06-05 23:15:00,orchid_bark,15.46,68.54,734.0,0.0,46.1,True,soil_temp_c_hard_range_violation;,0 days 00:15:00,0
SENS-07,2026-06-05 23:30:00,orchid_bark,15.38,69.62,732.0,0.0,48.7,True,soil_temp_c_hard_range_violation;,0 days 00:15:00,0
SENS-07,2026-06-05 23:45:00,orchid_bark,15.56,69.49,784.0,0.0,47.3,True,soil_temp_c_hard_range_violation;,0 days 00:15:00,0
SENS-07,2026-06-06 00:00:00,orchid_bark,15.77,68.47,772.0,0.0,46.5,True,soil_temp_c_hard_range_violation;,0 days 00:15:00,0
SENS-07,2026-06-06 00:15:00,orchid_bark,15.63,67.77,668.0,0.0,53.7,True,soil_temp_c_hard_range_violation;,0 days 00:15:00,0
SENS-07,2026-06-06 00:30:00,orchid_bark,15.33,66.94,693.0,0.0,49.0,True,soil_temp_c_hard_range_violation;,0 days 00:15:00,0
SENS-07,2026-06-06 00:45:00,orchid_bark,15.1,67.44,731.0,0.0,54.7,True,soil_temp_c_hard_range_violation;,0 days 00:15:00,0
SENS-07,2026-06-06 01:00:00,orchid_bark,15.32,67.06,631.0,0.0,56.9,True,soil_temp_c_hard_range_violation;,0 days 00:15:00,0
SENS-07,2026-06-06 01:15:00,orchid_bark,15.48,66.51,715.0,0.0,60.7,True,soil_temp_c_hard_range_violation;,0 days 00:15:00,0
SENS-07,2026-06-06 01:30:00,orchid_bark,15.21,65.17,668.0,0.0,64.6,True,soil_temp_c_hard_range_violation;,0 days 00:15:00,0
SENS-07,2026-06-06 01:45:00,orchid_bark,14.89,64.92,700.0,0.0,62.8,True,soil_temp_c_hard_range_violation;,0 days 00:15:00,0
SENS-07,2026-06-06 02:00:00,orchid_bark,14.74,65.28,703.0,0.0,57.8,True,soil_temp_c_hard_range_violation;,0 days 00:15:00,0
SENS-07,2026-06-06 02:15:00,orchid_bark,15.07,65.82,631.0,0.0,60.2,True,soil_temp_c_hard_range_violation;,0 days 00:15:00,0
SENS-07,2026-06-06 02:30:00,orchid_bark,15.12,65.46,799.0,0.0,63.1,True,soil_temp_c_hard_range_violation;,0 days 00:15:00,0
SENS-07,2026-06-06 02:45:00,orchid_bark,15.04,64.27,681.0,0.0,63.1,True,soil_temp_c_hard_range_violation;,0 days 00:15:00,0
SENS-07,2026-06-06 03:00:00,orchid_bark,14.98,63.03,760.0,0.0,64.8,True,soil_temp_c_hard_range_violation;,0 days 00:15:00,0
SENS-07,2026-06-06 03:15:00,orchid_bark,14.58,65.12,637.0,0.0,69.0,True,soil_temp_c_hard_range_violation;,0 days 00:15:00,0
SENS-07,2026-06-06 03:30:00,orchid_bark,14.49,64.87,676.0,0.0,66.6,True,soil_temp_c_hard_range_violation;,0 days 00:15:00,0
SENS-07,2026-06-06 03:45:00,orchid_bark,14.71,63.93,734.0,0.0,69.9,True,soil_temp_c_hard_range_violation;,0 days 00:15:00,0
SENS-07,2026-06-06 04:00:00,orchid_bark,14.61,63.41,692.0,0.0,64.6,True,soil_temp_c_hard_range_violation;,0 days 00:15:00,0
SENS-07,2026-06-06 04:15:00,orchid_bark,14.53,63.39,734.0,0.0,70.3,True,soil_temp_c_hard_range_violation;,0 days 00:15:00,0
SENS-07,2026-06-06 04:30:00,orchid_bark,14.57,64.22,727.0,0.0,64.5,True,soil_temp_c_hard_range_violation;,0 days 00:15:00,0
SENS-07,2026-06-06 04:45:00,orchid_bark,14.32,63.9,668.0,0.0,73.6,True,soil_temp_c_hard_range_violation;,0 days 00:15:00,0
SENS-07,2026-06-06 05:00:00,orchid_bark,14.36,63.19,750.0,0.0,70.3,True,soil_temp_c_hard_range_violation;,0 days 00:15:00,0
SENS-07,2026-06-06 05:15:00,orchid_bark,14.17,65.1,725.0,0.0,67.3,True,soil_temp_c_hard_range_violation;,0 days 00:15:00,0
SENS-07,2026-06-06 05:30:00,orchid_bark,14.05,62.46,644.0,0.0,71.1,True,soil_temp_c_hard_range_violation;,0 days 00:15:00,0
SENS-07,2026-06-06 05:45:00,orchid_bark,13.95,63.19,706.0,0.0,73.7,True,soil_temp_c_hard_range_violation;,0 days 00:15:00,0
SENS-07,2026-06-06 06:00:00,orchid_bark,13.86,63.3,727.0,0.0,68.9,True,soil_temp_c_hard_range_violation;,0 days 00:15:00,0
SENS-07,2026-06-06 06:15:00,orchid_bark,13.86,63.91,697.0,0.0,70.3,True,soil_temp_c_hard_range_violation;,0 days 00:15:00,0
SENS-07,2026-06-06 06:30:00,orchid_bark,13.82,64.8,703.0,0.0,71.9,True,soil_temp_c_hard_range_violation;,0 days 00:15:00,0
SENS-07,2026-06-06 06:45:00,orchid_bark,13.77,64.74,721.0,0.0,75.7,True,soil_temp_c_hard_range_violation;,0 days 00:15:00,0
SENS-07,2026-06-06 07:00:00,orchid_bark,13.77,64.44,636.0,0.0,67.2,True,soil_temp_c_hard_range_violation;,0 days 00:15:00,0
SENS-07,2026-06-06 07:15:00,orchid_bark,13.57,63.61,693.0,0.0,74.6,True,soil_temp_c_hard_range_violation;,0 days 00:15:00,0
SENS-07,2026-06-06 07:30:00,orchid_bark,13.13,65.5,686.0,5.5,72.4,True,soil_temp_c_hard_range_violation;,0 days 00:15:00,0
SENS-07,2026-06-06 07:45:00,orchid_bark,13.11,64.24,732.0,12.3,76.1,True,soil_temp_c_hard_range_violation;,0 days 00:15:00,0
SENS-07,2026-06-06 08:00:00,orchid_bark,12.96,65.05,679.0,0.0,73.9,True,soil_temp_c_hard_range_violation;,0 days 00:15:00,0
SENS-07,2026-06-06 08:15:00,orchid_bark,13.05,65.59,779.0,19.6,76.4,True,soil_temp_c_hard_range_violation;,0 days 00:15:00,0
SENS-07,2026-06-06 08:30:00,orchid_bark,12.92,65.39,678.0,47.5,73.1,True,soil_temp_c_hard_range_violation;,0 days 00:15:00,0
SENS-07,2026-06-06 08:45:00,orchid_bark,12.53,65.7,656.0,39.7,67.8,True,soil_temp_c_hard_range_violation;,0 days 00:15:00,0
SENS-07,2026-06-06 09:00:00,orchid_bark,12.51,67.28,750.0,75.0,72.1,True,soil_temp_c_hard_range_violation;,0 days 00:15:00,0
SENS-07,2026-06-06 09:15:00,orchid_bark,12.71,68.05,725.0,110.9,71.7,True,soil_temp_c_hard_range_violation;,0 days 00:15:00,0
SENS-07,2026-06-06 09:30:00,orchid_bark,12.77,67.33,716.0,123.7,67.5,True,soil_temp_c_hard_range_violation;,0 days 00:15:00,0
SENS-07,2026-06-06 09:45:00,orchid_bark,12.47,66.49,691.0,139.8,67.2,True,soil_temp_c_hard_range_violation;,0 days 00:15:00,0
SENS-07,2026-06-06 10:00:00,orchid_bark,12.34,68.38,687.0,152.5,60.8,True,soil_temp_c_hard_range_violation;,0 days 00:15:00,0
SENS-07,2026-06-06 10:15:00,orchid_bark,12.24,68.07,719.0,178.0,69.3,True,soil_temp_c_hard_range_violation;,0 days 00:15:00,0
SENS-07,2026-06-06 10:30:00,orchid_bark,12.2,69.24,678.0,190.6,65.8,True,soil_temp_c_hard_range_violation;,0 days 00:15:00,0
SENS-07,2026-06-06 10:45:00,orchid_bark,12.08,69.6,772.0,197.0,63.5,True,soil_temp_c_hard_range_violation;,0 days 00:15:00,0
SENS-07,2026-06-06 11:00:00,orchid_bark,11.73,68.45,710.0,236.7,61.2,True,soil_temp_c_hard_range_violation;,0 days 00:15:00,0
SENS-07,2026-06-06 11:15:00,orchid_bark,11.71,69.93,690.0,235.0,61.7,True,soil_temp_c_hard_range_violation;,0 days 00:15:00,0
SENS-07,2026-06-06 11:30:00,orchid_bark,11.99,71.06,684.0,251.7,63.4,True,soil_temp_c_hard_range_violation;,0 days 00:15:00,0
SENS-07,2026-06-06 11:45:00,orchid_bark,11.86,70.97,652.0,251.8,61.5,True,soil_temp_c_hard_range_violation;,0 days 00:15:00,0
SENS-07,2026-06-06 12:00:00,orchid_bark,11.62,70.65,729.0,272.8,58.9,True,soil_temp_c_hard_range_violation;,0 days 00:15:00,0
SENS-07,2026-06-06 12:15:00,orchid_bark,11.91,72.3,669.0,295.0,55.0,True,soil_temp_c_hard_range_violation;,0 days 00:15:00,0
SENS-07,2026-06-06 12:30:00,orchid_bark,12.29,71.01,695.0,303.1,56.5,True,soil_temp_c_hard_range_violation;,0 days 00:15:00,0
SENS-07,2026-06-06 12:45:00,orchid_bark,12.21,72.75,802.0,303.2,53.9,True,soil_temp_c_hard_range_violation;,0 days 00:15:00,0
SENS-07,2026-06-06 13:00:00,orchid_bark,12.25,72.55,628.0,304.1,54.5,True,soil_temp_c_hard_range_violation;,0 days 00:15:00,0
SENS-07,2026-06-06 13:15:00,orchid_bark,12.29,73.62,696.0,314.1,55.8,True,soil_temp_c_hard_range_violation;,0 days 00:15:00,0
SENS-07,2026-06-06 13:30:00,orchid_bark,12.47,73.47,645.0,321.3,51.2,True,soil_temp_c_hard_range_violation;,0 days 00:15:00,0
SENS-07,2026-06-06 13:45:00,orchid_bark,12.24,74.3,679.0,307.3,56.7,True,soil_temp_c_hard_range_violation;,0 days 00:15:00,0
SENS-07,2026-06-06 14:00:00,orchid_bark,12.23,75.24,694.0,322.0,48.8,True,soil_temp_c_hard_range_violation;,0 days 00:15:00,0
SENS-07,2026-06-06 14:15:00,orchid_bark,12.01,75.04,648.0,325.4,44.2,True,soil_temp_c_hard_range_violation;,0 days 00:15:00,0
SENS-07,2026-06-06 14:30:00,orchid_bark,12.08,75.29,716.0,316.8,47.6,True,soil_temp_c_hard_range_violation;,0 days 00:15:00,0
SENS-07,2026-06-06 14:45:00,orchid_bark,12.38,75.45,759.0,313.7,45.4,True,soil_temp_c_hard_range_violation;,0 days 00:15:00,0
SENS-07,2026-06-06 15:00:00,orchid_bark,12.44,74.01,713.0,303.3,56.4,True,soil_temp_c_hard_range_violation;,0 days 00:15:00,0
SENS-07,2026-06-06 15:15:00,orchid_bark,12.27,75.51,734.0,305.4,43.7,True,soil_temp_c_hard_range_violation;,0 days 00:15:00,0
SENS-07,2026-06-06 15:30:00,orchid_bark,12.47,75.81,765.0,308.5,39.6,True,soil_temp_c_hard_range_violation;,0 days 00:15:00,0
SENS-07,2026-06-06 15:45:00,orchid_bark,12.34,76.17,724.0,298.2,43.3,True,soil_temp_c_hard_range_violation;,0 days 00:15:00,0
SENS-07,2026-06-06 16:00:00,orchid_bark,12.43,75.83,606.0,272.5,41.8,True,soil_temp_c_hard_range_violation;,0 days 00:15:00,0
SENS-07,2026-06-06 16:15:00,orchid_bark,12.27,76.5,707.0,263.1,38.0,True,soil_temp_c_hard_range_violation;,0 days 00:15:00,0
SENS-07,2026-06-06 16:30:00,orchid_bark,12.0,75.36,600.0,264.8,41.8,True,soil_temp_c_hard_range_violation;,0 days 00:15:00,0
SENS-07,2026-06-06 16:45:00,orchid_bark,11.85,77.52,671.0,245.3,41.7,True,soil_temp_c_hard_range_violation;,0 days 00:15:00,0
SENS-07,2026-06-06 17:00:00,orchid_bark,11.31,76.5,640.0,230.9,39.7,True,soil_temp_c_hard_range_violation;,0 days 00:15:00,0
SENS-07,2026-06-06 17:15:00,orchid_bark,11.1,75.42,711.0,196.5,38.1,True,soil_temp_c_hard_range_violation;,0 days 00:15:00,0
SENS-07,2026-06-06 17:30:00,orchid_bark,11.54,77.02,664.0,202.1,37.3,True,soil_temp_c_hard_range_violation;,0 days 00:15:00,0
SENS-07,2026-06-06 17:45:00,orchid_bark,10.98,75.18,712.0,175.5,36.1,True,soil_temp_c_hard_range_violation;,0 days 00:15:00,0
SENS-07,2026-06-06 18:00:00,orchid_bark,10.68,75.88,731.0,161.9,33.8,True,soil_temp_c_hard_range_violation;,0 days 00:15:00,0
SENS-07,2026-06-06 18:15:00,orchid_bark,11.04,75.85,662.0,135.9,41.8,True,soil_temp_c_hard_range_violation;,0 days 00:15:00,0
SENS-07,2026-06-06 18:30:00,orchid_bark,10.86,75.33,710.0,135.7,44.5,True,soil_temp_c_hard_range_violation;,0 days 00:15:00,0
SENS-07,2026-06-06 18:45:00,orchid_bark,10.79,75.36,595.0,95.1,34.0,True,soil_temp_c_hard_range_violation;,0 days 00:15:00,0
SENS-07,2026-06-06 19:00:00,orchid_bark,10.8,75.31,640.0,98.4,35.2,True,soil_temp_c_hard_range_violation;,0 days 00:15:00,0
SENS-07,2026-06-06 19:15:00,orchid_bark,10.48,74.26,751.0,62.7,33.8,True,soil_temp_c_hard_range_violation;,0 days 00:15:00,0
SENS-07,2026-06-06 19:30:00,orchid_bark,10.7,75.0,665.0,40.4,39.8,True,soil_temp_c_hard_range_violation;,0 days 00:15:00,0
SENS-07,2026-06-06 19:45:00,orchid_bark,10.69,74.53,679.0,13.9,34.3,True,soil_temp_c_hard_range_violation;,0 days 00:15:00,0
SENS-07,2026-06-06 20:00:00,orchid_bark,10.58,75.65,667.0,0.0,39.7,True,soil_temp_c_hard_range_violation;,0 days 00:15:00,0
SENS-07,2026-06-06 20:15:00,orchid_bark,10.78,75.02,631.0,0.0,39.2,True,soil_temp_c_hard_range_violation;,0 days 00:15:00,0
SENS-07,2026-06-06 20:30:00,orchid_bark,10.53,73.11,659.0,1.1,37.9,True,soil_temp_c_hard_range_violation;,0 days 00:15:00,0
SENS-07,2026-06-06 20:45:00,orchid_bark,10.55,73.2,700.0,4.3,42.9,True,soil_temp_c_hard_range_violation;,0 days 00:15:00,0
SENS-07,2026-06-06 21:00:00,orchid_bark,10.37,72.45,685.0,0.0,38.4,True,soil_temp_c_hard_range_violation;,0 days 00:15:00,0
SENS-07,2026-06-06 21:15:00,orchid_bark,10.13,72.41,743.0,4.3,40.0,True,soil_temp_c_hard_range_violation;,0 days 00:15:00,0
SENS-07,2026-06-06 21:30:00,orchid_bark,10.55,72.82,675.0,9.5,37.1,True,soil_temp_c_hard_range_violation;,0 days 00:15:00,0
SENS-07,2026-06-06 21:45:00,orchid_bark,10.59,71.74,700.0,8.5,34.1,True,soil_temp_c_hard_range_violation;,0 days 00:15:00,0
SENS-07,2026-06-06 22:00:00,orchid_bark,10.8,71.08,678.0,5.0,45.5,True,soil_temp_c_hard_range_violation;,0 days 00:15:00,0
SENS-07,2026-06-06 22:15:00,orchid_bark,10.7,71.46,737.0,4.0,41.3,True,soil_temp_c_hard_range_violation;,0 days 00:15:00,0
SENS-07,2026-06-06 22:30:00,orchid_bark,10.51,69.22,643.0,0.0,47.5,True,soil_temp_c_hard_range_violation;,0 days 00:15:00,0
SENS-07,2026-06-06 22:45:00,orchid_bark,9.9,69.93,719.0,0.0,43.9,True,soil_temp_c_hard_range_violation;,0 days 00:15:00,0
SENS-07,2026-06-06 23:00:00,orchid_bark,9.86,70.79,716.0,0.0,45.7,True,soil_temp_c_hard_range_violation;,0 days 00:15:00,0
SENS-07,2026-06-06 23:15:00,orchid_bark,9.55,70.41,667.0,0.0,47.7,True,soil_temp_c_hard_range_violation;,0 days 00:15:00,0
SENS-07,2026-06-06 23:30:00,orchid_bark,9.6,69.93,696.0,0.0,46.5,True,soil_temp_c_hard_range_violation;,0 days 00:15:00,0
SENS-07,2026-06-06 23:45:00,orchid_bark,9.36,67.68,715.0,0.0,44.4,True,soil_temp_c_hard_range_violation;,0 days 00:15:00,0
SENS-07,2026-06-07 00:00:00,orchid_bark,9.48,67.28,672.0,0.0,47.7,True,soil_temp_c_hard_range_violation;,0 days 00:15:00,0
SENS-07,2026-06-07 00:15:00,orchid_bark,9.92,67.42,671.0,0.0,48.6,True,soil_temp_c_hard_range_violation;,0 days 00:15:00,0
SENS-07,2026-06-07 00:30:00,orchid_bark,10.51,67.41,651.0,0.0,52.5,True,soil_temp_c_hard_range_violation;,0 days 00:15:00,0
SENS-07,2026-06-07 00:45:00,orchid_bark,10.59,66.49,781.0,0.0,57.2,True,soil_temp_c_hard_range_violation;,0 days 00:15:00,0
SENS-07,2026-06-07 01:00:00,orchid_bark,10.6,65.44,681.0,0.0,52.8,True,soil_temp_c_hard_range_violation;,0 days 00:15:00,0
SENS-07,2026-06-07 01:15:00,orchid_bark,10.47,66.97,651.0,0.0,55.9,True,soil_temp_c_hard_range_violation;,0 days 00:15:00,0
SENS-07,2026-06-07 01:30:00,orchid_bark,10.33,66.51,629.0,0.0,58.1,True,soil_temp_c_hard_range_violation;,0 days 00:15:00,0
SENS-07,2026-06-07 01:45:00,orchid_bark,10.17,65.23,668.0,0.0,56.1,True,soil_temp_c_hard_range_violation;,0 days 00:15:00,0
SENS-07,2026-06-07 02:00:00,orchid_bark,31.2,65.86,711.0,0.0,60.8,True,soil_temp_c_hard_range_violation;,0 days 00:15:00,0
SENS-07,2026-06-07 02:15:00,orchid_bark,31.44,65.75,690.0,0.0,64.1,True,soil_temp_c_hard_range_violation;,0 days 00:15:00,0
SENS-07,2026-06-07 02:30:00,orchid_bark,31.05,63.09,714.0,0.0,63.1,True,soil_temp_c_hard_range_violation;,0 days 00:15:00,0
SENS-07,2026-06-07 02:45:00,orchid_bark,30.82,65.03,729.0,0.0,62.8,True,soil_temp_c_hard_range_violation;,0 days 00:15:00,0
SENS-07,2026-06-07 03:00:00,orchid_bark,30.37,64.29,694.0,0.0,61.5,True,soil_temp_c_hard_range_violation;,0 days 00:15:00,0
SENS-07,2026-06-07 03:15:00,orchid_bark,30.29,62.35,695.0,0.0,64.6,True,soil_temp_c_hard_range_violation;,0 days 00:15:00,0
SENS-07,2026-06-07 03:30:00,orchid_bark,30.06,64.71,763.0,0.0,63.7,True,soil_temp_c_hard_range_violation;,0 days 00:15:00,0
SENS-07,2026-06-07 03:45:00,orchid_bark,29.87,63.9,729.0,0.0,65.1,True,soil_temp_c_hard_range_violation;,0 days 00:15:00,0
SENS-07,2026-06-07 04:00:00,orchid_bark,29.62,62.56,715.0,0.0,67.4,True,soil_temp_c_hard_range_violation;,0 days 00:15:00,0
SENS-07,2026-06-07 04:15:00,orchid_bark,29.55,63.91,686.0,0.0,67.9,True,soil_temp_c_hard_range_violation;,0 days 00:15:00,0
SENS-07,2026-06-07 04:30:00,orchid_bark,29.5,63.68,727.0,0.0,72.4,True,soil_temp_c_hard_range_violation;,0 days 00:15:00,0
SENS-07,2026-06-07 04:45:00,orchid_bark,29.48,63.9,714.0,0.0,68.2,True,soil_temp_c_hard_range_violation;,0 days 00:15:00,0
SENS-07,2026-06-07 05:00:00,orchid_bark,29.12,62.11,713.0,0.0,71.8,True,soil_temp_c_hard_range_violation;,0 days 00:15:00,0
SENS-07,2026-06-07 05:15:00,orchid_bark,29.0,63.3,729.0,0.0,69.7,True,soil_temp_c_hard_range_violation;,0 days 00:15:00,0
SENS-07,2026-06-07 05:30:00,orchid_bark,28.73,62.85,713.0,0.0,68.9,True,soil_temp_c_hard_range_violation;,0 days 00:15:00,0
SENS-07,2026-06-07 05:45:00,orchid_bark,28.82,63.5,639.0,0.0,73.9,True,soil_temp_c_hard_range_violation;,0 days 00:15:00,0
SENS-07,2026-06-07 06:00:00,orchid_bark,28.69,62.49,702.0,0.0,73.6,True,soil_temp_c_hard_range_violation;,0 days 00:15:00,0
SENS-07,2026-06-07 06:15:00,orchid_bark,28.58,63.03,655.0,0.0,70.9,True,soil_temp_c_hard_range_violation;,0 days 00:15:00,0
SENS-07,2026-06-07 06:30:00,orchid_bark,28.35,65.08,725.0,0.0,63.5,True,soil_temp_c_hard_range_violation;,0 days 00:15:00,0
SENS-07,2026-06-07 06:45:00,orchid_bark,28.02,64.99,637.0,0.0,76.3,True,soil_temp_c_hard_range_violation;,0 days 00:15:00,0
SENS-07,2026-06-07 07:00:00,orchid_bark,27.87,65.05,699.0,0.0,75.3,True,soil_temp_c_hard_range_violation;,0 days 00:15:00,0
SENS-07,2026-06-07 07:15:00,orchid_bark,27.95,65.62,702.0,0.0,76.4,True,soil_temp_c_hard_range_violation;,0 days 00:15:00,0
SENS-07,2026-06-07 07:30:00,orchid_bark,27.63,63.46,654.0,0.0,76.5,True,soil_temp_c_hard_range_violation;,0 days 00:15:00,0
SENS-07,2026-06-07 07:45:00,orchid_bark,27.73,65.03,697.0,6.1,72.7,True,soil_temp_c_hard_range_violation;,0 days 00:15:00,0
SENS-07,2026-06-07 08:00:00,orchid_bark,27.68,65.52,731.0,0.0,71.1,True,soil_temp_c_hard_range_violation;,0 days 00:15:00,0
SENS-07,2026-06-07 08:15:00,orchid_bark,27.12,65.37,678.0,10.1,66.7,True,soil_temp_c_hard_range_violation;,0 days 00:15:00,0
SENS-07,2026-06-07 08:30:00,orchid_bark,26.78,64.62,712.0,28.4,72.0,True,soil_temp_c_hard_range_violation;,0 days 00:15:00,0
SENS-07,2026-06-07 08:45:00,orchid_bark,27.08,66.94,720.0,62.5,69.8,True,soil_temp_c_hard_range_violation;,0 days 00:15:00,0
SENS-07,2026-06-07 09:00:00,orchid_bark,26.9,67.1,657.0,65.5,68.2,True,soil_temp_c_hard_range_violation;,0 days 00:15:00,0
SENS-07,2026-06-07 09:15:00,orchid_bark,26.57,66.56,702.0,88.7,65.9,True,soil_temp_c_hard_range_violation;,0 days 00:15:00,0
SENS-07,2026-06-07 09:30:00,orchid_bark,26.24,68.0,692.0,126.2,66.2,True,soil_temp_c_hard_range_violation;,0 days 00:15:00,0
SENS-07,2026-06-07 09:45:00,orchid_bark,26.07,67.86,699.0,153.7,64.5,True,soil_temp_c_hard_range_violation;,0 days 00:15:00,0
SENS-07,2026-06-07 10:00:00,orchid_bark,26.1,68.63,636.0,160.5,70.7,True,soil_temp_c_hard_range_violation;,0 days 00:15:00,0
SENS-07,2026-06-07 10:15:00,orchid_bark,25.89,67.91,644.0,175.3,70.2,True,soil_temp_c_hard_range_violation;,0 days 00:15:00,0
SENS-07,2026-06-07 10:30:00,orchid_bark,25.59,69.15,749.0,212.2,63.7,True,soil_temp_c_hard_range_violation;,0 days 00:15:00,0
SENS-07,2026-06-07 10:45:00,orchid_bark,25.0,69.57,730.0,206.8,68.7,True,soil_temp_c_hard_range_violation;,0 days 00:15:00,0
SENS-07,2026-06-07 11:00:00,orchid_bark,24.68,69.64,709.0,222.1,64.3,True,soil_temp_c_hard_range_violation;,0 days 00:15:00,0
SENS-07,2026-06-07 11:15:00,orchid_bark,24.41,68.29,736.0,236.3,67.4,True,soil_temp_c_hard_range_violation;,0 days 00:15:00,0
SENS-07,2026-06-07 11:30:00,orchid_bark,24.34,70.75,647.0,265.9,63.7,True,soil_temp_c_hard_range_violation;,0 days 00:15:00,0
SENS-07,2026-06-07 11:45:00,orchid_bark,24.3,71.2,691.0,270.4,62.7,True,soil_temp_c_hard_range_violation;,0 days 00:15:00,0
SENS-07,2026-06-07 12:00:00,orchid_bark,24.46,70.75,687.0,281.4,60.4,True,soil_temp_c_hard_range_violation;,0 days 00:15:00,0
SENS-07,2026-06-07 12:15:00,orchid_bark,24.09,72.23,669.0,289.6,56.3,True,soil_temp_c_hard_range_violation;,0 days 00:15:00,0
SENS-07,2026-06-07 12:30:00,orchid_bark,23.99,72.39,655.0,292.0,53.4,True,soil_temp_c_hard_range_violation;,0 days 00:15:00,0
SENS-07,2026-06-07 12:45:00,orchid_bark,23.9,72.88,753.0,300.4,56.8,True,soil_temp_c_hard_range_violation;,0 days 00:15:00,0
SENS-07,2026-06-07 13:00:00,orchid_bark,23.58,72.68,675.0,301.4,54.7,True,soil_temp_c_hard_range_violation;,0 days 00:15:00,0
SENS-07,2026-06-07 13:15:00,orchid_bark,23.64,72.07,718.0,310.7,61.6,True,soil_temp_c_hard_range_violation;,0 days 00:15:00,0
SENS-07,2026-06-07 13:30:00,orchid_bark,23.86,72.43,713.0,319.5,54.9,True,soil_temp_c_hard_range_violation;,0 days 00:15:00,0
SENS-07,2026-06-07 13:45:00,orchid_bark,23.74,74.44,742.0,317.8,49.0,True,soil_temp_c_hard_range_violation;,0 days 00:15:00,0
SENS-07,2026-06-07 14:00:00,orchid_bark,23.52,73.47,729.0,326.5,50.1,True,soil_temp_c_hard_range_violation;,0 days 00:15:00,0
SENS-07,2026-06-07 14:15:00,orchid_bark,23.7,73.96,688.0,321.4,48.1,True,soil_temp_c_hard_range_violation;,0 days 00:15:00,0
SENS-07,2026-06-07 14:30:00,orchid_bark,23.67,75.4,649.0,318.8,48.0,True,soil_temp_c_hard_range_violation;,0 days 00:15:00,0
SENS-07,2026-06-07 14:45:00,orchid_bark,23.31,73.51,736.0,306.9,43.1,True,soil_temp_c_hard_range_violation;,0 days 00:15:00,0
SENS-07,2026-06-07 15:00:00,orchid_bark,23.15,74.1,749.0,299.3,48.7,True,soil_temp_c_hard_range_violation;,0 days 00:15:00,0
SENS-07,2026-06-07 15:15:00,orchid_bark,22.96,76.01,799.0,294.0,43.8,True,soil_temp_c_hard_range_violation;,0 days 00:15:00,0
SENS-07,2026-06-07 15:30:00,orchid_bark,22.68,75.69,739.0,304.3,46.0,True,soil_temp_c_hard_range_violation;,0 days 00:15:00,0
SENS-07,2026-06-07 15:45:00,orchid_bark,22.41,74.34,674.0,273.2,41.3,True,soil_temp_c_hard_range_violation;,0 days 00:15:00,0
SENS-07,2026-06-07 16:00:00,orchid_bark,22.17,75.56,680.0,278.6,41.1,True,soil_temp_c_hard_range_violation;,0 days 00:15:00,0
SENS-07,2026-06-07 16:15:00,orchid_bark,22.22,76.1,617.0,267.6,43.2,True,soil_temp_c_hard_range_violation;,0 days 00:15:00,0
SENS-07,2026-06-07 16:30:00,orchid_bark,22.06,75.25,668.0,248.4,34.5,True,soil_temp_c_hard_range_violation;,0 days 00:15:00,0
SENS-07,2026-06-07 16:45:00,orchid_bark,21.97,75.04,649.0,240.3,43.0,True,soil_temp_c_hard_range_violation;,0 days 00:15:00,0
SENS-07,2026-06-07 17:00:00,orchid_bark,22.06,74.88,724.0,227.6,43.8,True,soil_temp_c_hard_range_violation;,0 days 00:15:00,0
SENS-07,2026-06-07 17:15:00,orchid_bark,21.9,76.69,738.0,201.7,43.2,True,soil_temp_c_hard_range_violation;,0 days 00:15:00,0
SENS-07,2026-06-07 17:30:00,orchid_bark,21.55,76.8,790.0,188.5,36.3,True,soil_temp_c_hard_range_violation;,0 days 00:15:00,0
SENS-07,2026-06-07 17:45:00,orchid_bark,21.64,76.51,823.0,176.7,38.9,True,soil_temp_c_hard_range_violation;,0 days 00:15:00,0
SENS-07,2026-06-07 18:00:00,orchid_bark,21.47,76.77,710.0,159.2,36.3,True,soil_temp_c_hard_range_violation;,0 days 00:15:00,0
SENS-07,2026-06-07 18:15:00,orchid_bark,21.73,76.69,677.0,130.2,32.9,True,soil_temp_c_hard_range_violation;,0 days 00:15:00,0
SENS-07,2026-06-07 18:30:00,orchid_bark,21.83,74.53,684.0,122.5,37.4,True,soil_temp_c_hard_range_violation;,0 days 00:15:00,0
SENS-07,2026-06-07 18:45:00,orchid_bark,21.83,76.17,672.0,103.2,32.7,True,soil_temp_c_hard_range_violation;,0 days 00:15:00,0
SENS-07,2026-06-07 19:00:00,orchid_bark,21.78,75.34,794.0,90.1,38.8,True,soil_temp_c_hard_range_violation;,0 days 00:15:00,0
SENS-07,2026-06-07 19:15:00,orchid_bark,21.9,76.41,589.0,61.6,39.5,True,soil_temp_c_hard_range_violation;,0 days 00:15:00,0
SENS-07,2026-06-07 19:30:00,orchid_bark,21.85,77.23,765.0,37.9,41.0,True,soil_temp_c_hard_range_violation;,0 days 00:15:00,0
SENS-07,2026-06-07 19:45:00,orchid_bark,21.31,74.39,663.0,26.4,38.9,True,soil_temp_c_hard_range_violation;,0 days 00:15:00,0
SENS-07,2026-06-07 20:00:00,orchid_bark,21.19,74.03,684.0,8.2,36.4,True,soil_temp_c_hard_range_violation;,0 days 00:15:00,0
SENS-07,2026-06-07 20:15:00,orchid_bark,21.21,73.67,597.0,0.0,37.4,True,soil_temp_c_hard_range_violation;,0 days 00:15:00,0
SENS-07,2026-06-07 20:30:00,orchid_bark,20.92,73.69,742.0,0.0,38.7,True,soil_temp_c_hard_range_violation;,0 days 00:15:00,0
SENS-07,2026-06-07 20:45:00,orchid_bark,21.34,73.47,732.0,0.0,43.2,True,soil_temp_c_hard_range_violation;,0 days 00:15:00,0
SENS-07,2026-06-07 21:00:00,orchid_bark,21.22,74.86,656.0,0.0,43.8,True,soil_temp_c_hard_range_violation;,0 days 00:15:00,0
SENS-07,2026-06-07 21:15:00,orchid_bark,21.23,72.7,744.0,11.2,39.8,True,soil_temp_c_hard_range_violation;,0 days 00:15:00,0
SENS-07,2026-06-07 21:30:00,orchid_bark,21.37,71.91,737.0,0.0,43.7,True,soil_temp_c_hard_range_violation;,0 days 00:15:00,0
SENS-07,2026-06-07 21:45:00,orchid_bark,21.39,71.83,679.0,3.0,39.9,True,soil_temp_c_hard_range_violation;,0 days 00:15:00,0
SENS-07,2026-06-07 22:00:00,orchid_bark,21.28,70.84,618.0,2.6,43.6,True,soil_temp_c_hard_range_violation;,0 days 00:15:00,0
SENS-07,2026-06-07 22:15:00,orchid_bark,21.26,69.82,691.0,0.0,42.1,True,soil_temp_c_hard_range_violation;,0 days 00:15:00,0
SENS-07,2026-06-07 22:30:00,orchid_bark,21.13,70.52,742.0,0.0,44.8,True,soil_temp_c_hard_range_violation;,0 days 00:15:00,0
SENS-07,2026-06-07 22:45:00,orchid_bark,21.01,71.89,663.0,0.0,42.5,True,soil_temp_c_hard_range_violation;,0 days 00:15:00,0
SENS-07,2026-06-07 23:00:00,orchid_bark,20.69,70.45,743.0,0.0,41.7,True,soil_temp_c_hard_range_violation;,0 days 00:15:00,0
SENS-07,2026-06-07 23:15:00,orchid_bark,20.55,69.04,666.0,0.0,43.3,True,soil_temp_c_hard_range_violation;,0 days 00:15:00,0
SENS-07,2026-06-07 23:30:00,orchid_bark,20.22,69.22,696.0,0.0,49.9,True,soil_temp_c_hard_range_violation;,0 days 00:15:00,0
SENS-07,2026-06-07 23:45:00,orchid_bark,20.13,70.38,671.0,0.0,45.9,True,soil_temp_c_hard_range_violation;,0 days 00:15:00,0
SENS-07,2026-06-08 00:00:00,orchid_bark,19.97,68.31,706.0,0.0,49.3,True,soil_temp_c_hard_range_violation;,0 days 00:15:00,0
SENS-07,2026-06-08 00:15:00,orchid_bark,19.98,67.14,733.0,0.0,54.2,True,soil_temp_c_hard_range_violation;,0 days 00:15:00,0
SENS-07,2026-06-08 00:30:00,orchid_bark,19.6,67.44,765.0,0.0,56.0,True,soil_temp_c_hard_range_violation;,0 days 00:15:00,0
SENS-07,2026-06-08 00:45:00,orchid_bark,19.34,67.48,708.0,0.0,50.9,True,soil_temp_c_hard_range_violation;,0 days 00:15:00,0
SENS-07,2026-06-08 01:00:00,orchid_bark,19.08,66.96,638.0,0.0,47.8,True,soil_temp_c_hard_range_violation;,0 days 00:15:00,0
SENS-07,2026-06-08 01:15:00,orchid_bark,19.0,67.35,725.0,0.0,53.8,True,soil_temp_c_hard_range_violation;,0 days 00:15:00,0
SENS-07,2026-06-08 01:30:00,orchid_bark,18.88,66.04,688.0,0.0,58.0,True,soil_temp_c_hard_range_violation;,0 days 00:15:00,0
SENS-07,2026-06-08 01:45:00,orchid_bark,19.03,63.97,687.0,0.0,60.5,True,soil_temp_c_hard_range_violation;,0 days 00:15:00,0
SENS-07,2026-06-08 02:00:00,orchid_bark,18.96,65.68,704.0,0.0,56.1,True,soil_temp_c_hard_range_violation;,0 days 00:15:00,0
SENS-07,2026-06-08 02:15:00,orchid_bark,18.89,65.35,722.0,0.0,55.5,True,soil_temp_c_hard_range_violation;,0 days 00:15:00,0
SENS-07,2026-06-08 02:30:00,orchid_bark,18.61,65.05,683.0,0.0,59.2,True,soil_temp_c_hard_range_violation;,0 days 00:15:00,0
SENS-07,2026-06-08 02:45:00,orchid_bark,18.48,63.95,723.0,0.0,61.4,True,soil_temp_c_hard_range_violation;,0 days 00:15:00,0
SENS-07,2026-06-08 03:00:00,orchid_bark,18.15,65.79,716.0,0.0,70.3,True,soil_temp_c_hard_range_violation;,0 days 00:15:00,0
SENS-07,2026-06-08 03:15:00,orchid_bark,18.18,63.37,723.0,0.0,65.3,True,soil_temp_c_hard_range_violation;,0 days 00:15:00,0
SENS-07,2026-06-08 03:30:00,orchid_bark,18.29,63.27,735.0,0.0,67.9,True,soil_temp_c_hard_range_violation;,0 days 00:15:00,0
SENS-07,2026-06-08 03:45:00,orchid_bark,17.92,63.66,612.0,0.0,70.2,True,soil_temp_c_hard_range_violation;,0 days 00:15:00,0
SENS-07,2026-06-08 04:00:00,orchid_bark,17.87,64.67,684.0,0.0,66.4,True,soil_temp_c_hard_range_violation;,0 days 00:15:00,0
SENS-07,2026-06-08 04:15:00,orchid_bark,17.78,64.62,694.0,0.0,68.8,True,soil_temp_c_hard_range_violation;,0 days 00:15:00,0
SENS-07,2026-06-08 04:30:00,orchid_bark,17.97,64.02,690.0,0.0,70.0,True,soil_temp_c_hard_range_violation;,0 days 00:15:00,0
SENS-07,2026-06-08 04:45:00,orchid_bark,17.7,64.15,665.0,0.0,71.8,True,soil_temp_c_hard_range_violation;,0 days 00:15:00,0
SENS-07,2026-06-08 05:00:00,orchid_bark,17.49,62.56,674.0,0.0,70.2,True,soil_temp_c_hard_range_violation;,0 days 00:15:00,0
SENS-07,2026-06-08 05:15:00,orchid_bark,17.49,62.29,721.0,0.0,74.3,True,soil_temp_c_hard_range_violation;,0 days 00:15:00,0
SENS-07,2026-06-08 05:30:00,orchid_bark,17.33,63.28,718.0,0.0,74.9,True,soil_temp_c_hard_range_violation;,0 days 00:15:00,0
SENS-07,2026-06-08 05:45:00,orchid_bark,17.19,64.26,701.0,0.0,71.2,True,soil_temp_c_hard_range_violation;,0 days 00:15:00,0
SENS-07,2026-06-08 06:00:00,orchid_bark,17.05,64.36,660.0,0.0,74.7,True,soil_temp_c_hard_range_violation;,0 days 00:15:00,0
SENS-07,2026-06-08 06:15:00,orchid_bark,17.1,63.21,734.0,0.0,73.8,True,soil_temp_c_hard_range_violation;,0 days 00:15:00,0
SENS-07,2026-06-08 06:30:00,orchid_bark,17.27,63.28,731.0,0.0,80.8,True,soil_temp_c_hard_range_violation;,0 days 00:15:00,0
SENS-07,2026-06-08 06:45:00,orchid_bark,17.2,64.99,744.0,0.0,75.7,True,soil_temp_c_hard_range_violation;,0 days 00:15:00,0
SENS-07,2026-06-08 07:00:00,orchid_bark,17.09,64.47,669.0,0.0,74.2,True,soil_temp_c_hard_range_violation;,0 days 00:15:00,0
SENS-07,2026-06-08 07:15:00,orchid_bark,17.17,63.07,845.0,0.0,71.3,True,soil_temp_c_hard_range_violation;,0 days 00:15:00,0
SENS-07,2026-06-08 07:30:00,orchid_bark,17.16,63.99,709.0,3.3,69.7,True,soil_temp_c_hard_range_violation;,0 days 00:15:00,0
SENS-07,2026-06-08 07:45:00,orchid_bark,17.14,65.41,670.0,0.0,74.2,True,soil_temp_c_hard_range_violation;,0 days 00:15:00,0
SENS-07,2026-06-08 08:00:00,orchid_bark,17.31,64.49,795.0,0.0,67.3,True,soil_temp_c_hard_range_violation;,0 days 00:15:00,0
SENS-07,2026-06-08 08:15:00,orchid_bark,17.05,64.94,730.0,5.4,76.9,True,soil_temp_c_hard_range_violation;,0 days 00:15:00,0
SENS-07,2026-06-08 08:30:00,orchid_bark,16.94,65.28,708.0,40.9,65.5,True,soil_temp_c_hard_range_violation;,0 days 00:15:00,0
SENS-07,2026-06-08 08:45:00,orchid_bark,16.69,66.94,713.0,60.1,68.1,True,soil_temp_c_hard_range_violation;,0 days 00:15:00,0
SENS-07,2026-06-08 09:00:00,orchid_bark,16.54,66.65,751.0,80.0,73.6,True,soil_temp_c_hard_range_violation;,0 days 00:15:00,0
SENS-07,2026-06-08 09:15:00,orchid_bark,16.24,68.22,710.0,108.8,69.9,True,soil_temp_c_hard_range_violation;,0 days 00:15:00,0
SENS-07,2026-06-08 09:30:00,orchid_bark,16.12,67.08,631.0,132.8,69.8,True,soil_temp_c_hard_range_violation;,0 days 00:15:00,0
SENS-07,2026-06-08 09:45:00,orchid_bark,16.15,67.62,699.0,146.7,66.5,True,soil_temp_c_hard_range_violation;,0 days 00:15:00,0
SENS-07,2026-06-08 10:00:00,orchid_bark,15.58,68.41,736.0,156.7,67.3,True,soil_temp_c_hard_range_violation;,0 days 00:15:00,0
SENS-07,2026-06-08 10:15:00,orchid_bark,15.48,68.13,698.0,178.2,68.9,True,soil_temp_c_hard_range_violation;,0 days 00:15:00,0
SENS-07,2026-06-08 10:30:00,orchid_bark,15.42,67.82,661.0,203.1,63.5,True,soil_temp_c_hard_range_violation;,0 days 00:15:00,0
SENS-07,2026-06-08 10:45:00,orchid_bark,15.33,69.13,699.0,217.5,64.2,True,soil_temp_c_hard_range_violation;,0 days 00:15:00,0
SENS-07,2026-06-08 11:00:00,orchid_bark,14.96,69.26,735.0,230.3,64.0,True,soil_temp_c_hard_range_violation;,0 days 00:15:00,0
SENS-07,2026-06-08 11:15:00,orchid_bark,15.12,70.12,751.0,236.2,62.1,True,soil_temp_c_hard_range_violation;,0 days 00:15:00,0
SENS-07,2026-06-08 11:30:00,orchid_bark,15.28,70.2,656.0,262.2,64.1,True,soil_temp_c_hard_range_violation;,0 days 00:15:00,0
SENS-07,2026-06-08 11:45:00,orchid_bark,15.47,71.35,653.0,276.8,62.2,True,soil_temp_c_hard_range_violation;,0 days 00:15:00,0
SENS-07,2026-06-08 12:00:00,orchid_bark,15.33,71.19,698.0,283.7,59.3,True,soil_temp_c_hard_range_violation;,0 days 00:15:00,0
SENS-07,2026-06-08 12:15:00,orchid_bark,15.33,70.66,672.0,310.5,53.4,True,soil_temp_c_hard_range_violation;,0 days 00:15:00,0
SENS-07,2026-06-08 12:30:00,orchid_bark,15.14,71.76,677.0,301.6,60.9,True,soil_temp_c_hard_range_violation;,0 days 00:15:00,0
SENS-07,2026-06-08 12:45:00,orchid_bark,14.9,71.73,689.0,312.2,53.4,True,soil_temp_c_hard_range_violation;,0 days 00:15:00,0
SENS-07,2026-06-08 13:00:00,orchid_bark,14.64,74.34,731.0,314.2,60.3,True,soil_temp_c_hard_range_violation;,0 days 00:15:00,0
SENS-07,2026-06-08 13:15:00,orchid_bark,14.66,73.33,666.0,312.8,51.3,True,soil_temp_c_hard_range_violation;,0 days 00:15:00,0
SENS-07,2026-06-08 13:30:00,orchid_bark,14.8,74.12,653.0,307.9,53.4,True,soil_temp_c_hard_range_violation;,0 days 00:15:00,0
SENS-07,2026-06-08 13:45:00,orchid_bark,15.02,73.89,670.0,313.2,53.4,True,soil_temp_c_hard_range_violation;,0 days 00:15:00,0
SENS-07,2026-06-08 14:00:00,orchid_bark,14.98,75.58,639.0,313.9,49.8,True,soil_temp_c_hard_range_violation;,0 days 00:15:00,0
SENS-07,2026-06-08 14:15:00,orchid_bark,14.81,73.63,702.0,309.6,50.1,True,soil_temp_c_hard_range_violation;,0 days 00:15:00,0
SENS-07,2026-06-08 14:30:00,orchid_bark,14.77,74.23,704.0,315.0,47.3,True,soil_temp_c_hard_range_violation;,0 days 00:15:00,0
SENS-07,2026-06-08 14:45:00,orchid_bark,14.93,75.85,740.0,313.9,52.7,True,soil_temp_c_hard_range_violation;,0 days 00:15:00,0
SENS-07,2026-06-08 15:00:00,orchid_bark,15.23,74.88,658.0,318.6,46.6,True,soil_temp_c_hard_range_violation;,0 days 00:15:00,0
SENS-07,2026-06-08 15:15:00,orchid_bark,15.43,74.91,705.0,293.4,44.7,True,soil_temp_c_hard_range_violation;,0 days 00:15:00,0
SENS-07,2026-06-08 15:30:00,orchid_bark,15.61,75.22,713.0,302.8,44.8,True,soil_temp_c_hard_range_violation;,0 days 00:15:00,0
SENS-07,2026-06-08 15:45:00,orchid_bark,15.84,77.16,638.0,289.1,46.5,True,soil_temp_c_hard_range_violation;,0 days 00:15:00,0
SENS-07,2026-06-08 16:00:00,orchid_bark,15.82,77.36,709.0,280.1,43.4,True,soil_temp_c_hard_range_violation;,0 days 00:15:00,0
SENS-07,2026-06-08 16:15:00,orchid_bark,15.83,76.28,710.0,265.3,42.0,True,soil_temp_c_hard_range_violation;,0 days 00:15:00,0
SENS-07,2026-06-08 16:30:00,orchid_bark,16.01,76.19,695.0,270.6,36.4,True,soil_temp_c_hard_range_violation;,0 days 00:15:00,0
SENS-07,2026-06-08 16:45:00,orchid_bark,16.07,76.66,649.0,234.3,43.5,True,soil_temp_c_hard_range_violation;,0 days 00:15:00,0
SENS-07,2026-06-08 17:00:00,orchid_bark,16.2,76.39,697.0,221.8,40.5,True,soil_temp_c_hard_range_violation;,0 days 00:15:00,0
SENS-07,2026-06-08 17:15:00,orchid_bark,16.03,76.21,622.0,211.9,37.5,True,soil_temp_c_hard_range_violation;,0 days 00:15:00,0
SENS-07,2026-06-08 17:30:00,orchid_bark,16.27,75.72,713.0,198.0,39.4,True,soil_temp_c_hard_range_violation;,0 days 00:15:00,0
SENS-07,2026-06-08 17:45:00,orchid_bark,16.13,75.54,730.0,179.6,42.1,True,soil_temp_c_hard_range_violation;,0 days 00:15:00,0
SENS-07,2026-06-08 18:00:00,orchid_bark,16.31,76.24,691.0,159.6,39.8,True,soil_temp_c_hard_range_violation;,0 days 00:15:00,0
SENS-07,2026-06-08 18:15:00,orchid_bark,16.25,75.87,751.0,145.7,43.3,True,soil_temp_c_hard_range_violation;,0 days 00:15:00,0
SENS-07,2026-06-08 18:30:00,orchid_bark,16.1,76.68,672.0,127.3,39.8,True,soil_temp_c_hard_range_violation;,0 days 00:15:00,0
SENS-07,2026-06-08 18:45:00,orchid_bark,15.65,75.27,671.0,102.6,31.3,True,soil_temp_c_hard_range_violation;,0 days 00:15:00,0
SENS-07,2026-06-08 19:00:00,orchid_bark,15.57,74.59,689.0,97.5,40.8,True,soil_temp_c_hard_range_violation;,0 days 00:15:00,0
SENS-07,2026-06-08 19:15:00,orchid_bark,15.29,73.99,791.0,66.0,31.8,True,soil_temp_c_hard_range_violation;,0 days 00:15:00,0
SENS-07,2026-06-08 19:30:00,orchid_bark,15.07,74.25,689.0,39.6,41.2,True,soil_temp_c_hard_range_violation;,0 days 00:15:00,0
SENS-07,2026-06-08 19:45:00,orchid_bark,15.14,73.51,786.0,30.9,40.0,True,soil_temp_c_hard_range_violation;,0 days 00:15:00,0
SENS-07,2026-06-08 20:00:00,orchid_bark,14.8,75.07,698.0,0.0,42.7,True,soil_temp_c_hard_range_violation;,0 days 00:15:00,0
SENS-07,2026-06-08 20:15:00,orchid_bark,15.02,73.65,668.0,0.0,39.3,True,soil_temp_c_hard_range_violation;,0 days 00:15:00,0
SENS-07,2026-06-08 20:30:00,orchid_bark,15.49,73.08,778.0,0.0,39.2,True,soil_temp_c_hard_range_violation;,0 days 00:15:00,0
SENS-07,2026-06-08 20:45:00,orchid_bark,15.36,73.65,707.0,0.0,42.6,True,soil_temp_c_hard_range_violation;,0 days 00:15:00,0
SENS-07,2026-06-08 21:00:00,orchid_bark,15.56,74.35,688.0,6.4,35.9,True,soil_temp_c_hard_range_violation;,0 days 00:15:00,0
SENS-07,2026-06-08 21:15:00,orchid_bark,15.25,72.28,734.0,6.2,40.2,True,soil_temp_c_hard_range_violation;,0 days 00:15:00,0
SENS-07,2026-06-08 21:30:00,orchid_bark,15.29,71.4,750.0,13.0,40.0,True,soil_temp_c_hard_range_violation;,0 days 00:15:00,0
SENS-07,2026-06-08 21:45:00,orchid_bark,15.33,71.55,677.0,0.0,40.2,True,soil_temp_c_hard_range_violation;,0 days 00:15:00,0
SENS-07,2026-06-08 22:00:00,orchid_bark,15.91,70.09,736.0,4.5,40.6,True,soil_temp_c_hard_range_violation;,0 days 00:15:00,0
SENS-07,2026-06-08 22:15:00,orchid_bark,15.8,71.4,691.0,10.2,43.6,True,soil_temp_c_hard_range_violation;,0 days 00:15:00,0
SENS-07,2026-06-08 22:30:00,orchid_bark,15.85,71.04,661.0,1.3,46.2,True,soil_temp_c_hard_range_violation;,0 days 00:15:00,0
SENS-07,2026-06-08 22:45:00,orchid_bark,15.77,69.89,672.0,0.0,49.5,True,soil_temp_c_hard_range_violation;,0 days 00:15:00,0
SENS-07,2026-06-08 23:00:00,orchid_bark,15.66,68.99,653.0,0.0,45.1,True,soil_temp_c_hard_range_violation;,0 days 00:15:00,0
SENS-07,2026-06-08 23:15:00,orchid_bark,15.59,71.11,703.0,0.0,45.9,True,soil_temp_c_hard_range_violation;,0 days 00:15:00,0
SENS-07,2026-06-08 23:30:00,orchid_bark,15.52,68.09,704.0,0.0,39.6,True,soil_temp_c_hard_range_violation;,0 days 00:15:00,0
SENS-07,2026-06-08 23:45:00,orchid_bark,15.36,68.04,746.0,0.0,53.6,True,soil_temp_c_hard_range_violation;,0 days 00:15:00,0
SENS-07,2026-06-09 00:00:00,orchid_bark,15.38,68.2,735.0,0.0,46.3,True,soil_temp_c_hard_range_violation;,0 days 00:15:00,0
SENS-07,2026-06-09 00:15:00,orchid_bark,15.16,68.4,684.0,0.0,52.9,True,soil_temp_c_hard_range_violation;,0 days 00:15:00,0
SENS-07,2026-06-09 00:30:00,orchid_bark,15.05,67.28,692.0,0.0,53.5,True,soil_temp_c_hard_range_violation;,0 days 00:15:00,0
SENS-07,2026-06-09 00:45:00,orchid_bark,15.4,67.05,674.0,0.0,56.8,True,soil_temp_c_hard_range_violation;,0 days 00:15:00,0
SENS-07,2026-06-09 01:00:00,orchid_bark,15.34,67.08,704.0,0.0,52.4,True,soil_temp_c_hard_range_violation;,0 days 00:15:00,0
SENS-07,2026-06-09 01:15:00,orchid_bark,15.49,68.61,691.0,0.0,57.9,True,soil_temp_c_hard_range_violation;,0 days 00:15:00,0
SENS-07,2026-06-09 01:30:00,orchid_bark,15.43,65.55,702.0,0.0,62.2,True,soil_temp_c_hard_range_violation;,0 days 00:15:00,0
SENS-07,2026-06-09 01:45:00,orchid_bark,15.55,65.28,758.0,0.0,59.2,True,soil_temp_c_hard_range_violation;,0 days 00:15:00,0
SENS-07,2026-06-09 02:00:00,orchid_bark,15.48,65.26,761.0,0.0,57.0,True,soil_temp_c_hard_range_violation;,0 days 00:15:00,0
SENS-07,2026-06-09 02:15:00,orchid_bark,14.93,65.55,675.0,0.0,56.4,True,soil_temp_c_hard_range_violation;,0 days 00:15:00,0
SENS-07,2026-06-09 02:30:00,orchid_bark,14.89,66.61,731.0,0.0,66.4,True,soil_temp_c_hard_range_violation;,0 days 00:15:00,0
SENS-07,2026-06-09 02:45:00,orchid_bark,14.66,64.49,726.0,0.0,61.6,True,soil_temp_c_hard_range_violation;,0 days 00:15:00,0
SENS-07,2026-06-09 03:00:00,orchid_bark,14.57,64.74,678.0,0.0,63.3,True,soil_temp_c_hard_range_violation;,0 days 00:15:00,0
SENS-07,2026-06-09 03:15:00,orchid_bark,14.68,62.6,756.0,0.0,72.6,True,soil_temp_c_hard_range_violation;,0 days 00:15:00,0
SENS-07,2026-06-09 03:30:00,orchid_bark,15.02,64.02,641.0,0.0,68.7,True,soil_temp_c_hard_range_violation;,0 days 00:15:00,0
SENS-07,2026-06-09 03:45:00,orchid_bark,14.71,63.82,743.0,0.0,70.3,True,soil_temp_c_hard_range_violation;,0 days 00:15:00,0
SENS-07,2026-06-09 04:00:00,orchid_bark,14.63,64.45,695.0,0.0,72.7,True,soil_temp_c_hard_range_violation;,0 days 00:15:00,0
SENS-07,2026-06-09 04:15:00,orchid_bark,14.61,63.25,657.0,0.0,63.9,True,soil_temp_c_hard_range_violation;,0 days 00:15:00,0
SENS-07,2026-06-09 04:30:00,orchid_bark,14.59,62.67,693.0,0.0,73.9,True,soil_temp_c_hard_range_violation;,0 days 00:15:00,0
SENS-07,2026-06-09 04:45:00,orchid_bark,14.57,63.68,775.0,0.0,75.0,True,soil_temp_c_hard_range_violation;,0 days 00:15:00,0
SENS-07,2026-06-09 05:00:00,orchid_bark,14.66,62.38,800.0,0.0,69.3,True,soil_temp_c_hard_range_violation;,0 days 00:15:00,0
SENS-07,2026-06-09 05:15:00,orchid_bark,14.54,62.94,669.0,0.0,73.4,True,soil_temp_c_hard_range_violation;,0 days 00:15:00,0
SENS-07,2026-06-09 05:30:00,orchid_bark,14.48,63.59,698.0,0.0,74.5,True,soil_temp_c_hard_range_violation;,0 days 00:15:00,0
SENS-07,2026-06-09 05:45:00,orchid_bark,14.53,61.9,693.0,0.0,69.9,True,soil_temp_c_hard_range_violation;,0 days 00:15:00,0
SENS-07,2026-06-09 06:00:00,orchid_bark,14.37,63.54,699.0,0.0,75.1,True,soil_temp_c_hard_range_violation;,0 days 00:15:00,0
SENS-07,2026-06-09 06:15:00,orchid_bark,14.22,64.98,765.0,0.0,70.7,True,soil_temp_c_hard_range_violation;,0 days 00:15:00,0
SENS-07,2026-06-09 06:30:00,orchid_bark,14.19,62.82,684.0,0.0,80.6,True,soil_temp_c_hard_range_violation;,0 days 00:15:00,0
SENS-07,2026-06-09 06:45:00,orchid_bark,14.05,63.66,669.0,0.0,73.4,True,soil_temp_c_hard_range_violation;,0 days 00:15:00,0
SENS-07,2026-06-09 07:00:00,orchid_bark,13.83,64.76,682.0,0.0,74.7,True,soil_temp_c_hard_range_violation;,0 days 00:15:00,0
SENS-07,2026-06-09 07:15:00,orchid_bark,13.59,65.16,693.0,0.0,68.1,True,soil_temp_c_hard_range_violation;,0 days 00:15:00,0
SENS-07,2026-06-09 07:30:00,orchid_bark,13.57,64.85,731.0,14.2,74.0,True,soil_temp_c_hard_range_violation;,0 days 00:15:00,0
SENS-07,2026-06-09 07:45:00,orchid_bark,13.82,64.92,705.0,0.0,76.3,True,soil_temp_c_hard_range_violation;,0 days 00:15:00,0
SENS-07,2026-06-09 08:00:00,orchid_bark,13.88,66.54,727.0,0.0,69.7,True,soil_temp_c_hard_range_violation;,0 days 00:15:00,0
SENS-07,2026-06-09 08:15:00,orchid_bark,13.67,65.8,742.0,26.5,70.5,True,soil_temp_c_hard_range_violation;,0 days 00:15:00,0
SENS-07,2026-06-09 08:30:00,orchid_bark,13.97,65.21,689.0,41.9,69.5,True,soil_temp_c_hard_range_violation;,0 days 00:15:00,0
SENS-07,2026-06-09 08:45:00,orchid_bark,13.84,66.38,697.0,43.9,67.7,True,soil_temp_c_hard_range_violation;,0 days 00:15:00,0
SENS-07,2026-06-09 09:00:00,orchid_bark,14.14,66.56,720.0,99.0,66.7,True,soil_temp_c_hard_range_violation;,0 days 00:15:00,0
SENS-07,2026-06-09 09:15:00,orchid_bark,14.11,66.7,675.0,99.0,73.1,True,soil_temp_c_hard_range_violation;,0 days 00:15:00,0
SENS-07,2026-06-09 09:30:00,orchid_bark,14.14,66.18,702.0,115.7,65.5,True,soil_temp_c_hard_range_violation;,0 days 00:15:00,0
SENS-07,2026-06-09 09:45:00,orchid_bark,14.04,67.77,742.0,140.2,63.2,True,soil_temp_c_hard_range_violation;,0 days 00:15:00,0
SENS-07,2026-06-09 10:00:00,orchid_bark,13.96,68.59,705.0,155.9,66.1,True,soil_temp_c_hard_range_violation;,0 days 00:15:00,0
SENS-07,2026-06-09 10:15:00,orchid_bark,14.22,69.12,751.0,173.8,67.0,True,soil_temp_c_hard_range_violation;,0 days 00:15:00,0
SENS-07,2026-06-09 10:30:00,orchid_bark,14.16,68.99,664.0,195.7,67.7,True,soil_temp_c_hard_range_violation;,0 days 00:15:00,0
SENS-07,2026-06-09 10:45:00,orchid_bark,14.32,69.42,714.0,196.1,62.3,True,soil_temp_c_hard_range_violation;,0 days 00:15:00,0
SENS-07,2026-06-09 11:00:00,orchid_bark,14.31,69.4,723.0,232.2,62.2,True,soil_temp_c_hard_range_violation;,0 days 00:15:00,0
SENS-07,2026-06-09 11:15:00,orchid_bark,14.26,70.92,713.0,248.2,64.6,True,soil_temp_c_hard_range_violation;,0 days 00:15:00,0
SENS-07,2026-06-09 11:30:00,orchid_bark,14.36,69.76,688.0,240.4,64.6,True,soil_temp_c_hard_range_violation;,0 days 00:15:00,0
SENS-07,2026-06-09 11:45:00,orchid_bark,14.32,70.65,642.0,269.7,64.5,True,soil_temp_c_hard_range_violation;,0 days 00:15:00,0
SENS-07,2026-06-09 12:00:00,orchid_bark,14.13,70.84,745.0,270.3,61.1,True,soil_temp_c_hard_range_violation;,0 days 00:15:00,0
SENS-07,2026-06-09 12:15:00,orchid_bark,13.96,71.74,644.0,283.5,53.5,True,soil_temp_c_hard_range_violation;,0 days 00:15:00,0
SENS-07,2026-06-09 12:30:00,orchid_bark,14.06,73.15,647.0,298.5,54.7,True,soil_temp_c_hard_range_violation;,0 days 00:15:00,0
SENS-07,2026-06-09 12:45:00,orchid_bark,13.59,71.73,723.0,309.9,59.9,True,soil_temp_c_hard_range_violation;,0 days 00:15:00,0
SENS-07,2026-06-09 13:00:00,orchid_bark,13.65,73.15,685.0,311.7,60.3,True,soil_temp_c_hard_range_violation;,0 days 00:15:00,0
SENS-07,2026-06-09 13:15:00,orchid_bark,13.35,73.53,706.0,302.7,53.6,True,soil_temp_c_hard_range_violation;,0 days 00:15:00,0
SENS-07,2026-06-09 13:30:00,orchid_bark,13.37,72.95,649.0,317.8,52.1,True,soil_temp_c_hard_range_violation;,0 days 00:15:00,0
SENS-07,2026-06-09 13:45:00,orchid_bark,13.62,73.81,712.0,323.2,48.5,True,soil_temp_c_hard_range_violation;,0 days 00:15:00,0
SENS-07,2026-06-09 14:00:00,orchid_bark,13.43,73.62,733.0,313.8,54.6,True,soil_temp_c_hard_range_violation;,0 days 00:15:00,0
SENS-07,2026-06-09 14:15:00,orchid_bark,13.52,74.61,638.0,312.5,46.0,True,soil_temp_c_hard_range_violation;,0 days 00:15:00,0
SENS-07,2026-06-09 14:30:00,orchid_bark,13.73,74.71,710.0,316.7,54.0,True,soil_temp_c_hard_range_violation;,0 days 00:15:00,0
SENS-07,2026-06-09 14:45:00,orchid_bark,13.59,76.12,736.0,318.4,46.8,True,soil_temp_c_hard_range_violation;,0 days 00:15:00,0
SENS-07,2026-06-09 15:00:00,orchid_bark,13.45,74.7,647.0,304.6,43.4,True,soil_temp_c_hard_range_violation;,0 days 00:15:00,0
SENS-07,2026-06-09 15:15:00,orchid_bark,13.51,75.33,706.0,304.9,39.7,True,soil_temp_c_hard_range_violation;,0 days 00:15:00,0
SENS-07,2026-06-09 15:30:00,orchid_bark,13.74,75.34,702.0,285.6,43.2,True,soil_temp_c_hard_range_violation;,0 days 00:15:00,0
SENS-07,2026-06-09 15:45:00,orchid_bark,14.18,76.75,714.0,289.2,42.8,True,soil_temp_c_hard_range_violation;,0 days 00:15:00,0
SENS-07,2026-06-09 16:00:00,orchid_bark,14.01,75.52,689.0,262.6,41.3,True,soil_temp_c_hard_range_violation;,0 days 00:15:00,0
SENS-07,2026-06-09 16:15:00,orchid_bark,14.12,75.34,642.0,268.5,41.5,True,soil_temp_c_hard_range_violation;,0 days 00:15:00,0
SENS-07,2026-06-09 16:30:00,orchid_bark,14.0,75.49,684.0,260.9,44.9,True,soil_temp_c_hard_range_violation;,0 days 00:15:00,0
SENS-07,2026-06-09 16:45:00,orchid_bark,13.75,75.52,678.0,239.3,41.9,True,soil_temp_c_hard_range_violation;,0 days 00:15:00,0
SENS-07,2026-06-09 17:00:00,orchid_bark,13.69,75.69,697.0,230.7,40.0,True,soil_temp_c_hard_range_violation;,0 days 00:15:00,0
SENS-07,2026-06-09 17:15:00,orchid_bark,13.63,75.47,748.0,213.0,42.3,True,soil_temp_c_hard_range_violation;,0 days 00:15:00,0
SENS-07,2026-06-09 17:30:00,orchid_bark,13.63,76.06,641.0,183.8,35.6,True,soil_temp_c_hard_range_violation;,0 days 00:15:00,0
SENS-07,2026-06-09 17:45:00,orchid_bark,13.69,75.04,738.0,168.3,40.1,True,soil_temp_c_hard_range_violation;,0 days 00:15:00,0
SENS-07,2026-06-09 18:00:00,orchid_bark,13.72,76.3,771.0,157.1,39.7,True,soil_temp_c_hard_range_violation;,0 days 00:15:00,0
SENS-07,2026-06-09 18:15:00,orchid_bark,13.95,75.79,768.0,140.3,41.8,True,soil_temp_c_hard_range_violation;,0 days 00:15:00,0
SENS-07,2026-06-09 18:30:00,orchid_bark,14.3,76.78,772.0,116.2,33.0,True,soil_temp_c_hard_range_violation;,0 days 00:15:00,0
SENS-07,2026-06-09 18:45:00,orchid_bark,14.28,75.79,708.0,93.1,34.4,True,soil_temp_c_hard_range_violation;,0 days 00:15:00,0
SENS-07,2026-06-09 19:00:00,orchid_bark,14.16,75.52,703.0,60.0,34.6,True,soil_temp_c_hard_range_violation;,0 days 00:15:00,0
SENS-07,2026-06-09 19:15:00,orchid_bark,14.1,76.48,628.0,75.8,38.5,True,soil_temp_c_hard_range_violation;,0 days 00:15:00,0
SENS-07,2026-06-09 19:30:00,orchid_bark,14.03,75.11,691.0,55.4,37.8,True,soil_temp_c_hard_range_violation;,0 days 00:15:00,0
SENS-07,2026-06-09 19:45:00,orchid_bark,13.89,74.39,745.0,14.2,39.0,True,soil_temp_c_hard_range_violation;,0 days 00:15:00,0
SENS-07,2026-06-09 20:00:00,orchid_bark,13.57,73.63,643.0,0.0,31.3,True,soil_temp_c_hard_range_violation;,0 days 00:15:00,0
SENS-07,2026-06-09 20:15:00,orchid_bark,13.29,75.0,666.0,11.6,42.4,True,soil_temp_c_hard_range_violation;,0 days 00:15:00,0
SENS-07,2026-06-09 20:30:00,orchid_bark,13.41,72.91,704.0,0.0,39.1,True,soil_temp_c_hard_range_violation;,0 days 00:15:00,0
SENS-07,2026-06-09 20:45:00,orchid_bark,13.54,72.48,634.0,8.2,40.5,True,soil_temp_c_hard_range_violation;,0 days 00:15:00,0
SENS-07,2026-06-09 21:00:00,orchid_bark,13.59,72.14,773.0,5.1,40.5,True,soil_temp_c_hard_range_violation;,0 days 00:15:00,0
SENS-07,2026-06-09 21:15:00,orchid_bark,13.53,72.05,723.0,0.0,38.2,True,soil_temp_c_hard_range_violation;,0 days 00:15:00,0
SENS-07,2026-06-09 21:30:00,orchid_bark,13.41,72.25,714.0,11.1,42.3,True,soil_temp_c_hard_range_violation;,0 days 00:15:00,0
SENS-07,2026-06-09 21:45:00,orchid_bark,13.12,71.64,732.0,0.0,41.7,True,soil_temp_c_hard_range_violation;,0 days 00:15:00,0
SENS-07,2026-06-09 22:00:00,orchid_bark,12.98,71.82,686.0,6.7,42.5,True,soil_temp_c_hard_range_violation;,0 days 00:15:00,0
SENS-07,2026-06-09 22:15:00,orchid_bark,12.82,70.25,711.0,0.0,44.6,True,soil_temp_c_hard_range_violation;,0 days 00:15:00,0
SENS-07,2026-06-09 22:30:00,orchid_bark,12.53,70.0,661.0,0.0,43.7,True,soil_temp_c_hard_range_violation;,0 days 00:15:00,0
SENS-07,2026-06-09 22:45:00,orchid_bark,12.57,70.32,607.0,0.0,40.9,True,soil_temp_c_hard_range_violation;,0 days 00:15:00,0
SENS-07,2026-06-09 23:00:00,orchid_bark,12.42,69.1,699.0,0.0,45.5,True,soil_temp_c_hard_range_violation;,0 days 00:15:00,0
SENS-07,2026-06-09 23:15:00,orchid_bark,12.42,68.41,763.0,0.0,51.9,True,soil_temp_c_hard_range_violation;,0 days 00:15:00,0
SENS-07,2026-06-09 23:30:00,orchid_bark,12.12,67.87,767.0,0.0,46.5,True,soil_temp_c_hard_range_violation;,0 days 00:15:00,0
SENS-07,2026-06-09 23:45:00,orchid_bark,12.24,68.54,692.0,0.0,49.5,True,soil_temp_c_hard_range_violation;,0 days 00:15:00,0
SENS-07,2026-06-10 00:00:00,orchid_bark,12.32,68.13,689.0,0.0,52.8,True,soil_temp_c_hard_range_violation;,0 days 00:15:00,0
SENS-07,2026-06-10 00:15:00,orchid_bark,12.21,67.69,638.0,0.0,57.8,True,soil_temp_c_hard_range_violation;,0 days 00:15:00,0
SENS-07,2026-06-10 00:30:00,orchid_bark,12.49,68.27,742.0,0.0,51.9,True,soil_temp_c_hard_range_violation;,0 days 00:15:00,0
SENS-07,2026-06-10 00:45:00,orchid_bark,12.47,67.23,717.0,0.0,50.1,True,soil_temp_c_hard_range_violation;,0 days 00:15:00,0
SENS-07,2026-06-10 01:00:00,orchid_bark,12.49,66.65,692.0,0.0,57.0,True,soil_temp_c_hard_range_violation;,0 days 00:15:00,0
SENS-07,2026-06-10 01:15:00,orchid_bark,12.17,67.26,621.0,0.0,53.7,True,soil_temp_c_hard_range_violation;,0 days 00:15:00,0
SENS-07,2026-06-10 01:30:00,orchid_bark,12.01,66.67,628.0,0.0,58.2,True,soil_temp_c_hard_range_violation;,0 days 00:15:00,0
SENS-07,2026-06-10 01:45:00,orchid_bark,11.88,65.12,705.0,0.0,60.3,True,soil_temp_c_hard_range_violation;,0 days 00:15:00,0
SENS-07,2026-06-10 02:00:00,orchid_bark,30.78,65.95,638.0,0.0,58.2,True,soil_temp_c_hard_range_violation;,0 days 00:15:00,0
SENS-07,2026-06-10 02:15:00,orchid_bark,30.47,66.34,722.0,0.0,60.0,True,soil_temp_c_hard_range_violation;,0 days 00:15:00,0
SENS-07,2026-06-10 02:30:00,orchid_bark,30.31,66.07,723.0,0.0,64.3,True,soil_temp_c_hard_range_violation;,0 days 00:15:00,0
SENS-07,2026-06-10 02:45:00,orchid_bark,30.3,65.26,647.0,0.0,66.2,True,soil_temp_c_hard_range_violation;,0 days 00:15:00,0
SENS-07,2026-06-10 03:00:00,orchid_bark,30.04,64.62,702.0,0.0,64.1,True,soil_temp_c_hard_range_violation;,0 days 00:15:00,0
SENS-07,2026-06-10 03:15:00,orchid_bark,29.56,64.36,662.0,0.0,65.5,True,soil_temp_c_hard_range_violation;,0 days 00:15:00,0
SENS-07,2026-06-10 03:30:00,orchid_bark,29.52,65.03,738.0,0.0,62.6,True,soil_temp_c_hard_range_violation;,0 days 00:15:00,0
SENS-07,2026-06-10 03:45:00,orchid_bark,29.42,62.87,832.0,0.0,67.2,True,soil_temp_c_hard_range_violation;,0 days 00:15:00,0
SENS-07,2026-06-10 04:00:00,orchid_bark,29.3,64.63,695.0,0.0,66.6,True,soil_temp_c_hard_range_violation;,0 days 00:15:00,0
SENS-07,2026-06-10 04:15:00,orchid_bark,29.31,63.72,759.0,0.0,68.8,True,soil_temp_c_hard_range_violation;,0 days 00:15:00,0
SENS-07,2026-06-10 04:30:00,orchid_bark,29.34,62.89,741.0,0.0,73.5,True,soil_temp_c_hard_range_violation;,0 days 00:15:00,0
SENS-07,2026-06-10 04:45:00,orchid_bark,29.29,62.65,697.0,0.0,66.6,True,soil_temp_c_hard_range_violation;,0 days 00:15:00,0
SENS-07,2026-06-10 05:00:00,orchid_bark,28.87,62.28,721.0,0.0,74.1,True,soil_temp_c_hard_range_violation;,0 days 00:15:00,0
SENS-07,2026-06-10 05:15:00,orchid_bark,28.4,63.91,649.0,0.0,71.7,True,soil_temp_c_hard_range_violation;,0 days 00:15:00,0
SENS-07,2026-06-10 05:30:00,orchid_bark,28.3,64.94,706.0,0.0,71.5,True,soil_temp_c_hard_range_violation;,0 days 00:15:00,0
SENS-07,2026-06-10 05:45:00,orchid_bark,28.14,63.27,688.0,0.0,69.4,True,soil_temp_c_hard_range_violation;,0 days 00:15:00,0
SENS-07,2026-06-10 06:00:00,orchid_bark,28.0,63.1,754.0,0.0,73.2,True,soil_temp_c_hard_range_violation;,0 days 00:15:00,0
SENS-07,2026-06-10 06:15:00,orchid_bark,28.17,64.71,675.0,0.0,79.2,True,soil_temp_c_hard_range_violation;,0 days 00:15:00,0
SENS-07,2026-06-10 06:30:00,orchid_bark,28.19,64.06,658.0,0.0,65.2,True,soil_temp_c_hard_range_violation;,0 days 00:15:00,0
SENS-07,2026-06-10 06:45:00,orchid_bark,27.98,65.05,659.0,0.0,67.1,True,soil_temp_c_hard_range_violation;,0 days 00:15:00,0
SENS-07,2026-06-10 07:00:00,orchid_bark,27.67,63.64,734.0,0.0,72.5,True,soil_temp_c_hard_range_violation;,0 days 00:15:00,0
SENS-07,2026-06-10 07:15:00,orchid_bark,27.64,65.03,693.0,0.0,73.9,True,soil_temp_c_hard_range_violation;,0 days 00:15:00,0
SENS-07,2026-06-10 07:30:00,orchid_bark,27.57,66.11,633.0,0.0,75.7,True,soil_temp_c_hard_range_violation;,0 days 00:15:00,0
SENS-07,2026-06-10 07:45:00,orchid_bark,27.36,64.31,741.0,0.0,74.0,True,soil_temp_c_hard_range_violation;,0 days 00:15:00,0
SENS-07,2026-06-10 08:00:00,orchid_bark,26.66,65.12,640.0,7.1,67.5,True,soil_temp_c_hard_range_violation;,0 days 00:15:00,0
SENS-07,2026-06-10 08:15:00,orchid_bark,26.31,65.39,678.0,13.6,73.9,True,soil_temp_c_hard_range_violation;,0 days 00:15:00,0
SENS-07,2026-06-10 08:30:00,orchid_bark,26.34,66.51,692.0,56.9,71.1,True,soil_temp_c_hard_range_violation;,0 days 00:15:00,0
SENS-07,2026-06-10 08:45:00,orchid_bark,25.93,67.21,656.0,72.9,73.8,True,soil_temp_c_hard_range_violation;,0 days 00:15:00,0
SENS-07,2026-06-10 09:00:00,orchid_bark,25.9,66.16,632.0,73.0,68.4,True,soil_temp_c_hard_range_violation;,0 days 00:15:00,0
SENS-07,2026-06-10 09:15:00,orchid_bark,25.84,68.81,733.0,109.0,65.4,True,soil_temp_c_hard_range_violation;,0 days 00:15:00,0
SENS-07,2026-06-10 09:30:00,orchid_bark,25.5,67.42,726.0,114.7,67.9,True,soil_temp_c_hard_range_violation;,0 days 00:15:00,0
SENS-07,2026-06-10 09:45:00,orchid_bark,25.54,67.37,702.0,134.9,70.0,True,soil_temp_c_hard_range_violation;,0 days 00:15:00,0
SENS-07,2026-06-10 10:00:00,orchid_bark,25.39,69.21,715.0,156.2,68.9,True,soil_temp_c_hard_range_violation;,0 days 00:15:00,0
SENS-07,2026-06-10 10:15:00,orchid_bark,25.22,68.67,632.0,171.8,66.9,True,soil_temp_c_hard_range_violation;,0 days 00:15:00,0
SENS-07,2026-06-10 10:30:00,orchid_bark,24.85,68.7,721.0,200.6,64.1,True,soil_temp_c_hard_range_violation;,0 days 00:15:00,0
SENS-07,2026-06-10 10:45:00,orchid_bark,24.98,68.99,717.0,213.0,64.6,True,soil_temp_c_hard_range_violation;,0 days 00:15:00,0
SENS-07,2026-06-10 11:00:00,orchid_bark,24.6,71.31,718.0,229.7,68.4,True,soil_temp_c_hard_range_violation;,0 days 00:15:00,0
SENS-07,2026-06-10 11:15:00,orchid_bark,24.23,69.49,718.0,240.6,70.6,True,soil_temp_c_hard_range_violation;,0 days 00:15:00,0
SENS-07,2026-06-10 11:30:00,orchid_bark,24.14,71.44,740.0,249.7,63.2,True,soil_temp_c_hard_range_violation;,0 days 00:15:00,0
SENS-07,2026-06-10 11:45:00,orchid_bark,23.81,70.45,695.0,261.9,63.9,True,soil_temp_c_hard_range_violation;,0 days 00:15:00,0
SENS-07,2026-06-10 12:00:00,orchid_bark,24.1,70.99,703.0,286.0,57.5,True,soil_temp_c_hard_range_violation;,0 days 00:15:00,0
SENS-07,2026-06-10 12:15:00,orchid_bark,23.78,71.76,647.0,284.2,62.6,True,soil_temp_c_hard_range_violation;,0 days 00:15:00,0
SENS-07,2026-06-10 12:30:00,orchid_bark,23.82,72.55,727.0,306.8,56.3,True,soil_temp_c_hard_range_violation;,0 days 00:15:00,0
SENS-07,2026-06-10 12:45:00,orchid_bark,24.02,71.4,673.0,297.9,52.4,True,soil_temp_c_hard_range_violation;,0 days 00:15:00,0
SENS-07,2026-06-10 13:00:00,orchid_bark,24.04,72.55,676.0,309.5,58.5,True,soil_temp_c_hard_range_violation;,0 days 00:15:00,0
SENS-07,2026-06-10 13:15:00,orchid_bark,23.77,74.05,684.0,316.3,54.1,True,soil_temp_c_hard_range_violation;,0 days 00:15:00,0
SENS-07,2026-06-10 13:30:00,orchid_bark,23.71,74.37,657.0,326.7,56.8,True,soil_temp_c_hard_range_violation;,0 days 00:15:00,0
SENS-07,2026-06-10 13:45:00,orchid_bark,23.86,73.74,696.0,327.1,54.0,True,soil_temp_c_hard_range_violation;,0 days 00:15:00,0
SENS-07,2026-06-10 14:00:00,orchid_bark,23.44,73.4,733.0,322.5,46.5,True,soil_temp_c_hard_range_violation;,0 days 00:15:00,0
SENS-07,2026-06-10 14:15:00,orchid_bark,23.54,74.7,656.0,319.9,49.8,True,soil_temp_c_hard_range_violation;,0 days 00:15:00,0
SENS-07,2026-06-10 14:30:00,orchid_bark,23.52,75.4,699.0,310.0,45.4,True,soil_temp_c_hard_range_violation;,0 days 00:15:00,0
SENS-07,2026-06-10 14:45:00,orchid_bark,23.78,75.16,727.0,312.3,50.8,True,soil_temp_c_hard_range_violation;,0 days 00:15:00,0
SENS-07,2026-06-10 15:00:00,orchid_bark,23.74,76.26,601.0,327.2,46.3,True,soil_temp_c_hard_range_violation;,0 days 00:15:00,0
SENS-07,2026-06-10 15:15:00,orchid_bark,23.65,75.25,774.0,295.3,43.0,True,soil_temp_c_hard_range_violation;,0 days 00:15:00,0
SENS-07,2026-06-10 15:30:00,orchid_bark,23.67,74.68,682.0,291.1,38.0,True,soil_temp_c_hard_range_violation;,0 days 00:15:00,0
SENS-07,2026-06-10 15:45:00,orchid_bark,23.3,75.34,663.0,275.9,46.6,True,soil_temp_c_hard_range_violation;,0 days 00:15:00,0
SENS-07,2026-06-10 16:00:00,orchid_bark,23.02,75.88,703.0,271.1,41.2,True,soil_temp_c_hard_range_violation;,0 days 00:15:00,0
SENS-07,2026-06-10 16:15:00,orchid_bark,22.92,75.47,673.0,256.6,40.7,True,soil_temp_c_hard_range_violation;,0 days 00:15:00,0
SENS-07,2026-06-10 16:30:00,orchid_bark,22.7,75.67,697.0,244.1,42.2,True,soil_temp_c_hard_range_violation;,0 days 00:15:00,0
SENS-07,2026-06-10 16:45:00,orchid_bark,22.47,76.78,670.0,243.2,37.4,True,soil_temp_c_hard_range_violation;,0 days 00:15:00,0
SENS-07,2026-06-10 17:00:00,orchid_bark,22.77,75.52,745.0,232.1,34.9,True,soil_temp_c_hard_range_violation;,0 days 00:15:00,0
SENS-07,2026-06-10 17:15:00,orchid_bark,23.01,75.13,807.0,213.8,39.4,True,soil_temp_c_hard_range_violation;,0 days 00:15:00,0
SENS-07,2026-06-10 17:30:00,orchid_bark,22.39,76.62,729.0,186.6,35.6,True,soil_temp_c_hard_range_violation;,0 days 00:15:00,0
SENS-07,2026-06-10 17:45:00,orchid_bark,22.29,76.44,708.0,164.3,37.7,True,soil_temp_c_hard_range_violation;,0 days 00:15:00,0
SENS-07,2026-06-10 18:00:00,orchid_bark,21.95,75.15,678.0,143.6,35.0,True,soil_temp_c_hard_range_violation;,0 days 00:15:00,0
SENS-07,2026-06-10 18:15:00,orchid_bark,22.07,76.28,742.0,131.8,33.3,True,soil_temp_c_hard_range_violation;,0 days 00:15:00,0
SENS-07,2026-06-10 18:30:00,orchid_bark,22.01,74.8,669.0,114.3,32.2,True,soil_temp_c_hard_range_violation;,0 days 00:15:00,0
SENS-07,2026-06-10 18:45:00,orchid_bark,22.2,74.93,713.0,99.2,37.3,True,soil_temp_c_hard_range_violation;,0 days 00:15:00,0
SENS-07,2026-06-10 19:00:00,orchid_bark,21.92,74.46,679.0,84.9,40.3,True,soil_temp_c_hard_range_violation;,0 days 00:15:00,0
SENS-07,2026-06-10 19:15:00,orchid_bark,21.63,74.71,650.0,59.3,40.0,True,soil_temp_c_hard_range_violation;,0 days 00:15:00,0
SENS-07,2026-06-10 19:30:00,orchid_bark,21.49,75.2,691.0,54.4,37.2,True,soil_temp_c_hard_range_violation;,0 days 00:15:00,0
SENS-07,2026-06-10 19:45:00,orchid_bark,21.27,74.73,661.0,39.4,41.6,True,soil_temp_c_hard_range_violation;,0 days 00:15:00,0
SENS-07,2026-06-10 20:00:00,orchid_bark,21.16,73.67,759.0,0.0,36.0,True,soil_temp_c_hard_range_violation;,0 days 00:15:00,0
SENS-07,2026-06-10 20:15:00,orchid_bark,21.3,74.08,670.0,0.0,40.4,True,soil_temp_c_hard_range_violation;,0 days 00:15:00,0
SENS-07,2026-06-10 20:30:00,orchid_bark,21.3,73.9,695.0,0.0,36.9,True,soil_temp_c_hard_range_violation;,0 days 00:15:00,0
SENS-07,2026-06-10 20:45:00,orchid_bark,21.14,73.99,674.0,0.0,36.7,True,soil_temp_c_hard_range_violation;,0 days 00:15:00,0
SENS-07,2026-06-10 21:00:00,orchid_bark,21.06,73.2,651.0,5.5,41.8,True,soil_temp_c_hard_range_violation;,0 days 00:15:00,0
SENS-07,2026-06-10 21:15:00,orchid_bark,20.65,73.11,727.0,0.0,41.3,True,soil_temp_c_hard_range_violation;,0 days 00:15:00,0
SENS-07,2026-06-10 21:30:00,orchid_bark,20.17,72.27,696.0,0.0,42.6,True,soil_temp_c_hard_range_violation;,0 days 00:15:00,0
SENS-07,2026-06-10 21:45:00,orchid_bark,20.32,71.24,794.0,2.1,37.0,True,soil_temp_c_hard_range_violation;,0 days 00:15:00,0
SENS-07,2026-06-10 22:00:00,orchid_bark,20.08,71.55,742.0,0.0,45.4,True,soil_temp_c_hard_range_violation;,0 days 00:15:00,0
SENS-07,2026-06-10 22:15:00,orchid_bark,20.29,71.91,703.0,0.0,45.2,True,soil_temp_c_hard_range_violation;,0 days 00:15:00,0
SENS-07,2026-06-10 22:30:00,orchid_bark,20.14,71.53,715.0,0.0,42.8,True,soil_temp_c_hard_range_violation;,0 days 00:15:00,0
SENS-07,2026-06-10 22:45:00,orchid_bark,20.08,68.36,696.0,0.0,46.7,True,soil_temp_c_hard_range_violation;,0 days 00:15:00,0
SENS-07,2026-06-10 23:00:00,orchid_bark,20.16,70.25,659.0,0.0,49.3,True,soil_temp_c_hard_range_violation;,0 days 00:15:00,0
SENS-07,2026-06-10 23:15:00,orchid_bark,20.27,69.03,643.0,0.0,44.8,True,soil_temp_c_hard_range_violation;,0 days 00:15:00,0
SENS-07,2026-06-10 23:30:00,orchid_bark,20.08,69.26,658.0,0.0,45.9,True,soil_temp_c_hard_range_violation;,0 days 00:15:00,0
SENS-07,2026-06-10 23:45:00,orchid_bark,20.01,67.59,753.0,0.0,48.3,True,soil_temp_c_hard_range_violation;,0 days 00:15:00,0
SENS-07,2026-06-11 00:00:00,orchid_bark,19.93,67.86,710.0,0.0,43.7,True,soil_temp_c_hard_range_violation;,0 days 00:15:00,0
SENS-07,2026-06-11 00:15:00,orchid_bark,19.92,66.61,721.0,0.0,52.5,True,soil_temp_c_hard_range_violation;,0 days 00:15:00,0
SENS-07,2026-06-11 00:30:00,orchid_bark,19.88,67.08,731.0,0.0,55.4,True,soil_temp_c_hard_range_violation;,0 days 00:15:00,0
SENS-07,2026-06-11 00:45:00,orchid_bark,19.65,67.46,692.0,0.0,55.5,True,soil_temp_c_hard_range_violation;,0 days 00:15:00,0
SENS-07,2026-06-11 01:00:00,orchid_bark,19.6,66.97,676.0,0.0,56.4,True,soil_temp_c_hard_range_violation;,0 days 00:15:00,0
SENS-07,2026-06-11 01:15:00,orchid_bark,19.23,67.84,781.0,0.0,59.2,True,soil_temp_c_hard_range_violation;,0 days 00:15:00,0
SENS-07,2026-06-11 01:30:00,orchid_bark,19.15,65.59,721.0,0.0,57.0,True,soil_temp_c_hard_range_violation;,0 days 00:15:00,0
SENS-07,2026-06-11 01:45:00,orchid_bark,19.1,65.01,633.0,0.0,53.8,True,soil_temp_c_hard_range_violation;,0 days 00:15:00,0
SENS-07,2026-06-11 02:00:00,orchid_bark,18.83,66.34,630.0,0.0,60.0,True,soil_temp_c_hard_range_violation;,0 days 00:15:00,0
SENS-07,2026-06-11 02:15:00,orchid_bark,18.71,63.82,730.0,0.0,64.7,True,soil_temp_c_hard_range_violation;,0 days 00:15:00,0
SENS-07,2026-06-11 02:30:00,orchid_bark,18.53,64.94,665.0,0.0,63.0,True,soil_temp_c_hard_range_violation;,0 days 00:15:00,0
SENS-07,2026-06-11 02:45:00,orchid_bark,18.37,64.92,695.0,0.0,61.8,True,soil_temp_c_hard_range_violation;,0 days 00:15:00,0
SENS-07,2026-06-11 03:00:00,orchid_bark,18.45,62.67,612.0,0.0,66.4,True,soil_temp_c_hard_range_violation;,0 days 00:15:00,0
SENS-07,2026-06-11 03:15:00,orchid_bark,18.48,63.36,681.0,0.0,66.2,True,soil_temp_c_hard_range_violation;,0 days 00:15:00,0
SENS-07,2026-06-11 03:30:00,orchid_bark,18.6,63.0,736.0,0.0,65.3,True,soil_temp_c_hard_range_violation;,0 days 00:15:00,0
SENS-07,2026-06-11 03:45:00,orchid_bark,18.95,64.44,679.0,0.0,67.2,True,soil_temp_c_hard_range_violation;,0 days 00:15:00,0
SENS-07,2026-06-11 04:00:00,orchid_bark,19.1,63.25,653.0,0.0,66.8,True,soil_temp_c_hard_range_violation;,0 days 00:15:00,0
SENS-07,2026-06-11 04:15:00,orchid_bark,18.72,63.43,690.0,0.0,70.4,True,soil_temp_c_hard_range_violation;,0 days 00:15:00,0
SENS-07,2026-06-11 04:30:00,orchid_bark,18.52,62.38,701.0,0.0,66.6,True,soil_temp_c_hard_range_violation;,0 days 00:15:00,0
SENS-07,2026-06-11 04:45:00,orchid_bark,18.72,62.92,686.0,0.0,71.0,True,soil_temp_c_hard_range_violation;,0 days 00:15:00,0
SENS-07,2026-06-11 05:00:00,orchid_bark,18.57,62.92,637.0,0.0,73.2,True,soil_temp_c_hard_range_violation;,0 days 00:15:00,0
SENS-07,2026-06-11 05:15:00,orchid_bark,18.41,63.36,716.0,0.0,71.9,True,soil_temp_c_hard_range_violation;,0 days 00:15:00,0
SENS-07,2026-06-11 05:30:00,orchid_bark,18.41,63.34,677.0,0.0,72.4,True,soil_temp_c_hard_range_violation;,0 days 00:15:00,0
SENS-07,2026-06-11 05:45:00,orchid_bark,18.28,64.69,707.0,0.0,72.3,True,soil_temp_c_hard_range_violation;,0 days 00:15:00,0
SENS-07,2026-06-11 06:00:00,orchid_bark,18.56,64.22,661.0,0.0,74.0,True,soil_temp_c_hard_range_violation;,0 days 00:15:00,0
SENS-07,2026-06-11 06:15:00,orchid_bark,18.46,62.56,750.0,0.0,71.6,True,soil_temp_c_hard_range_violation;,0 days 00:15:00,0
SENS-07,2026-06-11 06:30:00,orchid_bark,18.88,64.71,729.0,0.0,72.5,True,soil_temp_c_hard_range_violation;,0 days 00:15:00,0
SENS-07,2026-06-11 06:45:00,orchid_bark,18.69,64.78,686.0,0.0,70.3,True,soil_temp_c_hard_range_violation;,0 days 00:15:00,0
SENS-07,2026-06-11 07:00:00,orchid_bark,18.49,64.4,712.0,0.0,72.2,True,soil_temp_c_hard_range_violation;,0 days 00:15:00,0
SENS-07,2026-06-11 07:15:00,orchid_bark,18.26,65.26,765.0,0.0,66.9,True,soil_temp_c_hard_range_violation;,0 days 00:15:00,0
SENS-07,2026-06-11 07:30:00,orchid_bark,18.04,65.66,747.0,0.0,72.9,True,soil_temp_c_hard_range_violation;,0 days 00:15:00,0
SENS-07,2026-06-11 07:45:00,orchid_bark,18.12,64.71,760.0,7.8,74.5,True,soil_temp_c_hard_range_violation;,0 days 00:15:00,0
SENS-07,2026-06-11 08:00:00,orchid_bark,17.79,64.47,724.0,11.5,72.2,True,soil_temp_c_hard_range_violation;,0 days 00:15:00,0
SENS-07,2026-06-11 08:15:00,orchid_bark,17.53,66.06,678.0,14.2,74.8,True,soil_temp_c_hard_range_violation;,0 days 00:15:00,0
SENS-07,2026-06-11 08:30:00,orchid_bark,17.57,65.37,724.0,51.3,75.6,True,soil_temp_c_hard_range_violation;,0 days 00:15:00,0
SENS-07,2026-06-11 08:45:00,orchid_bark,17.08,66.49,768.0,56.3,71.1,True,soil_temp_c_hard_range_violation;,0 days 00:15:00,0
SENS-07,2026-06-11 09:00:00,orchid_bark,16.73,65.89,724.0,84.5,67.6,True,soil_temp_c_hard_range_violation;,0 days 00:15:00,0
SENS-07,2026-06-11 09:15:00,orchid_bark,16.67,67.71,667.0,105.1,73.2,True,soil_temp_c_hard_range_violation;,0 days 00:15:00,0
SENS-07,2026-06-11 09:30:00,orchid_bark,16.71,66.85,703.0,118.6,71.9,True,soil_temp_c_hard_range_violation;,0 days 00:15:00,0
SENS-07,2026-06-11 09:45:00,orchid_bark,16.59,67.62,730.0,140.1,69.9,True,soil_temp_c_hard_range_violation;,0 days 00:15:00,0
SENS-07,2026-06-11 10:00:00,orchid_bark,16.63,67.96,707.0,145.8,66.2,True,soil_temp_c_hard_range_violation;,0 days 00:15:00,0
SENS-07,2026-06-11 10:15:00,orchid_bark,16.41,67.55,731.0,183.6,68.0,True,soil_temp_c_hard_range_violation;,0 days 00:15:00,0
SENS-07,2026-06-11 10:30:00,orchid_bark,16.67,69.75,675.0,192.6,65.0,True,soil_temp_c_hard_range_violation;,0 days 00:15:00,0
SENS-07,2026-06-11 10:45:00,orchid_bark,16.8,70.32,691.0,210.7,62.8,True,soil_temp_c_hard_range_violation;,0 days 00:15:00,0
SENS-07,2026-06-11 11:00:00,orchid_bark,16.59,69.69,714.0,221.7,65.1,True,soil_temp_c_hard_range_violation;,0 days 00:15:00,0
SENS-07,2026-06-11 11:15:00,orchid_bark,16.5,69.67,716.0,246.4,60.0,True,soil_temp_c_hard_range_violation;,0 days 00:15:00,0
SENS-07,2026-06-11 11:30:00,orchid_bark,16.06,70.45,675.0,255.4,64.2,True,soil_temp_c_hard_range_violation;,0 days 00:15:00,0
SENS-07,2026-06-11 11:45:00,orchid_bark,16.21,70.66,602.0,256.9,61.6,True,soil_temp_c_hard_range_violation;,0 days 00:15:00,0
SENS-07,2026-06-11 12:00:00,orchid_bark,15.91,71.42,585.0,276.2,59.3,True,soil_temp_c_hard_range_violation;,0 days 00:15:00,0
SENS-07,2026-06-11 12:15:00,orchid_bark,15.76,71.6,698.0,278.7,58.4,True,soil_temp_c_hard_range_violation;,0 days 00:15:00,0
SENS-07,2026-06-11 12:30:00,orchid_bark,15.66,71.56,707.0,295.8,54.1,True,soil_temp_c_hard_range_violation;,0 days 00:15:00,0
SENS-07,2026-06-11 12:45:00,orchid_bark,15.35,73.4,692.0,308.5,53.1,True,soil_temp_c_hard_range_violation;,0 days 00:15:00,0
SENS-07,2026-06-11 13:00:00,orchid_bark,15.15,72.79,701.0,310.6,60.2,True,soil_temp_c_hard_range_violation;,0 days 00:15:00,0
SENS-07,2026-06-11 13:15:00,orchid_bark,15.19,74.7,764.0,317.3,53.4,True,soil_temp_c_hard_range_violation;,0 days 00:15:00,0
SENS-07,2026-06-11 13:30:00,orchid_bark,15.06,73.71,680.0,325.7,48.4,True,soil_temp_c_hard_range_violation;,0 days 00:15:00,0
SENS-07,2026-06-11 13:45:00,orchid_bark,15.2,73.67,715.0,312.8,54.2,True,soil_temp_c_hard_range_violation;,0 days 00:15:00,0
SENS-07,2026-06-11 14:00:00,orchid_bark,15.31,74.05,767.0,316.5,47.3,True,soil_temp_c_hard_range_violation;,0 days 00:15:00,0
SENS-07,2026-06-11 14:15:00,orchid_bark,15.11,74.26,659.0,304.9,50.9,True,soil_temp_c_hard_range_violation;,0 days 00:15:00,0
SENS-07,2026-06-11 14:30:00,orchid_bark,14.99,74.71,771.0,314.2,52.5,True,soil_temp_c_hard_range_violation;,0 days 00:15:00,0
SENS-07,2026-06-11 14:45:00,orchid_bark,14.87,75.2,739.0,308.9,46.4,True,soil_temp_c_hard_range_violation;,0 days 00:15:00,0
SENS-07,2026-06-11 15:00:00,orchid_bark,14.76,74.44,688.0,314.3,49.5,True,soil_temp_c_hard_range_violation;,0 days 00:15:00,0
SENS-07,2026-06-11 15:15:00,orchid_bark,15.02,74.71,599.0,306.7,47.2,True,soil_temp_c_hard_range_violation;,0 days 00:15:00,0
SENS-07,2026-06-11 15:30:00,orchid_bark,15.03,76.19,756.0,307.6,48.8,True,soil_temp_c_hard_range_violation;,0 days 00:15:00,0
SENS-07,2026-06-11 15:45:00,orchid_bark,14.67,76.14,771.0,283.0,44.9,True,soil_temp_c_hard_range_violation;,0 days 00:15:00,0
SENS-07,2026-06-11 16:00:00,orchid_bark,14.51,74.75,672.0,280.3,40.7,True,soil_temp_c_hard_range_violation;,0 days 00:15:00,0
SENS-07,2026-06-11 16:15:00,orchid_bark,14.39,76.35,773.0,272.0,35.2,True,soil_temp_c_hard_range_violation;,0 days 00:15:00,0
SENS-07,2026-06-11 16:30:00,orchid_bark,14.45,76.66,632.0,272.2,38.3,True,soil_temp_c_hard_range_violation;,0 days 00:15:00,0
SENS-07,2026-06-11 16:45:00,orchid_bark,14.78,76.26,712.0,244.1,38.5,True,soil_temp_c_hard_range_violation;,0 days 00:15:00,0
SENS-07,2026-06-11 17:00:00,orchid_bark,14.91,74.91,693.0,225.9,42.4,True,soil_temp_c_hard_range_violation;,0 days 00:15:00,0
SENS-07,2026-06-11 17:15:00,orchid_bark,14.86,75.13,647.0,212.0,42.5,True,soil_temp_c_hard_range_violation;,0 days 00:15:00,0
SENS-07,2026-06-11 17:30:00,orchid_bark,14.66,76.01,690.0,198.5,35.1,True,soil_temp_c_hard_range_violation;,0 days 00:15:00,0
SENS-07,2026-06-11 17:45:00,orchid_bark,14.92,77.34,699.0,188.8,41.6,True,soil_temp_c_hard_range_violation;,0 days 00:15:00,0
SENS-07,2026-06-11 18:00:00,orchid_bark,14.83,75.51,652.0,156.6,35.3,True,soil_temp_c_hard_range_violation;,0 days 00:15:00,0
SENS-07,2026-06-11 18:15:00,orchid_bark,14.52,76.21,727.0,135.8,34.8,True,soil_temp_c_hard_range_violation;,0 days 00:15:00,0
SENS-07,2026-06-11 18:30:00,orchid_bark,14.56,75.16,673.0,143.4,33.0,True,soil_temp_c_hard_range_violation;,0 days 00:15:00,0
SENS-07,2026-06-11 18:45:00,orchid_bark,14.29,76.68,686.0,93.8,38.1,True,soil_temp_c_hard_range_violation;,0 days 00:15:00,0
SENS-07,2026-06-11 19:00:00,orchid_bark,14.4,75.29,758.0,89.7,35.2,True,soil_temp_c_hard_range_violation;,0 days 00:15:00,0
SENS-07,2026-06-11 19:15:00,orchid_bark,14.29,74.17,674.0,65.8,41.0,True,soil_temp_c_hard_range_violation;,0 days 00:15:00,0
SENS-07,2026-06-11 19:30:00,orchid_bark,14.21,74.21,610.0,44.3,34.4,True,soil_temp_c_hard_range_violation;,0 days 00:15:00,0
SENS-07,2026-06-11 19:45:00,orchid_bark,13.64,73.89,690.0,11.1,39.5,True,soil_temp_c_hard_range_violation;,0 days 00:15:00,0
SENS-07,2026-06-11 20:00:00,orchid_bark,13.83,74.34,704.0,21.7,34.0,True,soil_temp_c_hard_range_violation;,0 days 00:15:00,0
SENS-07,2026-06-11 20:15:00,orchid_bark,13.58,73.45,690.0,1.4,41.1,True,soil_temp_c_hard_range_violation;,0 days 00:15:00,0
SENS-07,2026-06-11 20:30:00,orchid_bark,13.42,73.27,734.0,0.0,38.7,True,soil_temp_c_hard_range_violation;,0 days 00:15:00,0
SENS-07,2026-06-11 20:45:00,orchid_bark,13.44,74.7,716.0,0.0,39.7,True,soil_temp_c_hard_range_violation;,0 days 00:15:00,0
SENS-07,2026-06-11 21:00:00,orchid_bark,13.4,72.54,676.0,0.0,38.3,True,soil_temp_c_hard_range_violation;,0 days 00:15:00,0
SENS-07,2026-06-11 21:15:00,orchid_bark,13.84,72.72,728.0,5.6,38.8,True,soil_temp_c_hard_range_violation;,0 days 00:15:00,0
SENS-07,2026-06-11 21:30:00,orchid_bark,13.48,72.01,719.0,0.0,42.2,True,soil_temp_c_hard_range_violation;,0 days 00:15:00,0
SENS-07,2026-06-11 21:45:00,orchid_bark,13.39,71.8,717.0,0.0,46.9,True,soil_temp_c_hard_range_violation;,0 days 00:15:00,0
SENS-07,2026-06-11 22:00:00,orchid_bark,13.53,71.91,694.0,0.0,39.1,True,soil_temp_c_hard_range_violation;,0 days 00:15:00,0
SENS-07,2026-06-11 22:15:00,orchid_bark,13.42,69.44,711.0,4.3,42.1,True,soil_temp_c_hard_range_violation;,0 days 00:15:00,0
SENS-07,2026-06-11 22:30:00,orchid_bark,13.41,70.74,704.0,3.1,42.2,True,soil_temp_c_hard_range_violation;,0 days 00:15:00,0
SENS-07,2026-06-11 22:45:00,orchid_bark,13.91,69.94,688.0,0.0,40.5,True,soil_temp_c_hard_range_violation;,0 days 00:15:00,0
SENS-07,2026-06-11 23:00:00,orchid_bark,13.9,69.93,719.0,0.0,41.4,True,soil_temp_c_hard_range_violation;,0 days 00:15:00,0
SENS-07,2026-06-11 23:15:00,orchid_bark,14.17,69.24,722.0,0.0,44.8,True,soil_temp_c_hard_range_violation;,0 days 00:15:00,0
SENS-07,2026-06-11 23:30:00,orchid_bark,14.27,68.85,722.0,0.0,46.9,True,soil_temp_c_hard_range_violation;,0 days 00:15:00,0
SENS-07,2026-06-11 23:45:00,orchid_bark,14.4,68.79,725.0,0.0,53.5,True,soil_temp_c_hard_range_violation;,0 days 00:15:00,0
SENS-07,2026-06-12 00:00:00,orchid_bark,14.33,67.77,610.0,0.0,53.3,True,soil_temp_c_hard_range_violation;,0 days 00:15:00,0
SENS-07,2026-06-12 00:15:00,orchid_bark,13.98,69.19,736.0,0.0,49.0,True,soil_temp_c_hard_range_violation;,0 days 00:15:00,0
SENS-07,2026-06-12 00:30:00,orchid_bark,14.18,66.7,661.0,0.0,55.0,True,soil_temp_c_hard_range_violation;,0 days 00:15:00,0
SENS-07,2026-06-12 00:45:00,orchid_bark,14.27,68.05,745.0,0.0,51.4,True,soil_temp_c_hard_range_violation;,0 days 00:15:00,0
SENS-07,2026-06-12 01:00:00,orchid_bark,14.35,65.75,646.0,0.0,54.7,True,soil_temp_c_hard_range_violation;,0 days 00:15:00,0
SENS-07,2026-06-12 01:15:00,orchid_bark,14.3,66.11,763.0,0.0,57.1,True,soil_temp_c_hard_range_violation;,0 days 00:15:00,0
SENS-07,2026-06-12 01:30:00,orchid_bark,14.14,66.18,613.0,0.0,63.7,True,soil_temp_c_hard_range_violation;,0 days 00:15:00,0
SENS-07,2026-06-12 01:45:00,orchid_bark,14.39,64.98,713.0,0.0,59.3,True,soil_temp_c_hard_range_violation;,0 days 00:15:00,0
SENS-07,2026-06-12 02:00:00,orchid_bark,14.43,64.62,685.0,0.0,55.2,True,soil_temp_c_hard_range_violation;,0 days 00:15:00,0
SENS-07,2026-06-12 02:15:00,orchid_bark,14.04,64.87,719.0,0.0,63.0,True,soil_temp_c_hard_range_violation;,0 days 00:15:00,0
SENS-07,2026-06-12 02:30:00,orchid_bark,14.0,65.44,769.0,0.0,65.3,True,soil_temp_c_hard_range_violation;,0 days 00:15:00,0
SENS-07,2026-06-12 02:45:00,orchid_bark,13.92,64.62,709.0,0.0,65.6,True,soil_temp_c_hard_range_violation;,0 days 00:15:00,0
SENS-07,2026-06-12 03:00:00,orchid_bark,13.38,65.71,738.0,0.0,61.0,True,soil_temp_c_hard_range_violation;,0 days 00:15:00,0
SENS-07,2026-06-12 03:15:00,orchid_bark,13.21,64.56,761.0,0.0,65.4,True,soil_temp_c_hard_range_violation;,0 days 00:15:00,0
SENS-07,2026-06-12 03:30:00,orchid_bark,13.72,63.64,675.0,0.0,65.9,True,soil_temp_c_hard_range_violation;,0 days 00:15:00,0
SENS-07,2026-06-12 03:45:00,orchid_bark,13.23,61.9,714.0,0.0,72.2,True,soil_temp_c_hard_range_violation;,0 days 00:15:00,0
SENS-07,2026-06-12 04:00:00,orchid_bark,12.99,62.6,755.0,0.0,69.6,True,soil_temp_c_hard_range_violation;,0 days 00:15:00,0
SENS-07,2026-06-12 04:15:00,orchid_bark,12.49,63.43,714.0,0.0,73.7,True,soil_temp_c_hard_range_violation;,0 days 00:15:00,0
SENS-07,2026-06-12 04:30:00,orchid_bark,12.17,62.42,677.0,0.0,67.2,True,soil_temp_c_hard_range_violation;,0 days 00:15:00,0
SENS-07,2026-06-12 04:45:00,orchid_bark,11.8,63.37,721.0,0.0,69.3,True,soil_temp_c_hard_range_violation;,0 days 00:15:00,0
SENS-07,2026-06-12 05:00:00,orchid_bark,11.56,63.66,705.0,0.0,69.0,True,soil_temp_c_hard_range_violation;,0 days 00:15:00,0
SENS-07,2026-06-12 05:15:00,orchid_bark,11.91,63.3,720.0,0.0,74.1,True,soil_temp_c_hard_range_violation;,0 days 00:15:00,0
SENS-07,2026-06-12 05:30:00,orchid_bark,12.09,63.36,679.0,0.0,75.0,True,soil_temp_c_hard_range_violation;,0 days 00:15:00,0
SENS-07,2026-06-12 05:45:00,orchid_bark,12.04,65.03,710.0,0.0,73.2,True,soil_temp_c_hard_range_violation;,0 days 00:15:00,0
SENS-07,2026-06-12 06:00:00,orchid_bark,12.38,63.77,694.0,0.0,72.7,True,soil_temp_c_hard_range_violation;,0 days 00:15:00,0
SENS-07,2026-06-12 06:15:00,orchid_bark,12.28,63.73,680.0,0.0,73.9,True,soil_temp_c_hard_range_violation;,0 days 00:15:00,0
SENS-07,2026-06-12 06:30:00,orchid_bark,12.08,63.27,752.0,0.0,68.7,True,soil_temp_c_hard_range_violation;,0 days 00:15:00,0
SENS-07,2026-06-12 06:45:00,orchid_bark,11.99,64.15,679.0,0.0,71.7,True,soil_temp_c_hard_range_violation;,0 days 00:15:00,0
SENS-07,2026-06-12 07:00:00,orchid_bark,11.68,64.0,670.0,0.0,72.0,True,soil_temp_c_hard_range_violation;,0 days 00:15:00,0
SENS-07,2026-06-12 07:15:00,orchid_bark,11.3,65.86,653.0,0.0,72.9,True,soil_temp_c_hard_range_violation;,0 days 00:15:00,0
SENS-07,2026-06-12 07:30:00,orchid_bark,11.44,65.21,697.0,12.8,70.9,True,soil_temp_c_hard_range_violation;,0 days 00:15:00,0
SENS-07,2026-06-12 07:45:00,orchid_bark,11.52,66.09,694.0,1.2,70.1,True,soil_temp_c_hard_range_violation;,0 days 00:15:00,0
SENS-07,2026-06-12 08:00:00,orchid_bark,11.26,65.5,729.0,0.0,67.6,True,soil_temp_c_hard_range_violation;,0 days 00:15:00,0
SENS-07,2026-06-12 08:15:00,orchid_bark,11.36,66.54,651.0,20.0,73.3,True,soil_temp_c_hard_range_violation;,0 days 00:15:00,0
SENS-07,2026-06-12 08:30:00,orchid_bark,11.47,65.25,633.0,34.5,67.5,True,soil_temp_c_hard_range_violation;,0 days 00:15:00,0
SENS-07,2026-06-12 08:45:00,orchid_bark,11.36,66.49,626.0,60.4,74.1,True,soil_temp_c_hard_range_violation;,0 days 00:15:00,0
SENS-07,2026-06-12 09:00:00,orchid_bark,11.17,66.02,718.0,84.3,71.6,True,soil_temp_c_hard_range_violation;,0 days 00:15:00,0
SENS-07,2026-06-12 09:15:00,orchid_bark,11.34,66.7,741.0,108.1,72.6,True,soil_temp_c_hard_range_violation;,0 days 00:15:00,0
SENS-07,2026-06-12 09:30:00,orchid_bark,11.44,67.42,738.0,133.7,66.6,True,soil_temp_c_hard_range_violation;,0 days 00:15:00,0
SENS-07,2026-06-12 09:45:00,orchid_bark,11.79,67.08,680.0,146.5,74.1,True,soil_temp_c_hard_range_violation;,0 days 00:15:00,0
SENS-07,2026-06-12 10:00:00,orchid_bark,11.88,67.12,705.0,151.5,74.4,True,soil_temp_c_hard_range_violation;,0 days 00:15:00,0
SENS-07,2026-06-12 10:15:00,orchid_bark,11.53,69.28,610.0,183.2,67.0,True,soil_temp_c_hard_range_violation;,0 days 00:15:00,0
SENS-07,2026-06-12 10:30:00,orchid_bark,11.22,67.77,765.0,192.5,67.1,True,soil_temp_c_hard_range_violation;,0 days 00:15:00,0
SENS-07,2026-06-12 10:45:00,orchid_bark,11.19,70.61,746.0,209.6,65.0,True,soil_temp_c_hard_range_violation;,0 days 00:15:00,0
SENS-07,2026-06-12 11:00:00,orchid_bark,11.36,69.21,736.0,226.2,67.0,True,soil_temp_c_hard_range_violation;,0 days 00:15:00,0
SENS-07,2026-06-12 11:15:00,orchid_bark,11.43,70.63,664.0,241.7,65.3,True,soil_temp_c_hard_range_violation;,0 days 00:15:00,0
SENS-07,2026-06-12 11:30:00,orchid_bark,11.31,71.08,685.0,262.0,56.6,True,soil_temp_c_hard_range_violation;,0 days 00:15:00,0
SENS-07,2026-06-12 11:45:00,orchid_bark,10.98,70.23,692.0,270.0,58.3,True,soil_temp_c_hard_range_violation;,0 days 00:15:00,0
SENS-07,2026-06-12 12:00:00,orchid_bark,11.29,71.76,768.0,267.6,60.8,True,soil_temp_c_hard_range_violation;,0 days 00:15:00,0
SENS-07,2026-06-12 12:15:00,orchid_bark,11.58,71.94,740.0,275.0,60.8,True,soil_temp_c_hard_range_violation;,0 days 00:15:00,0
SENS-07,2026-06-12 12:30:00,orchid_bark,11.3,72.66,693.0,300.8,57.8,True,soil_temp_c_hard_range_violation;,0 days 00:15:00,0
SENS-07,2026-06-12 12:45:00,orchid_bark,11.44,73.45,723.0,307.3,51.1,True,soil_temp_c_hard_range_violation;,0 days 00:15:00,0
SENS-07,2026-06-12 13:00:00,orchid_bark,11.5,73.54,664.0,319.2,56.7,True,soil_temp_c_hard_range_violation;,0 days 00:15:00,0
SENS-07,2026-06-12 13:15:00,orchid_bark,11.64,72.68,645.0,313.1,59.3,True,soil_temp_c_hard_range_violation;,0 days 00:15:00,0
SENS-07,2026-06-12 13:30:00,orchid_bark,11.95,73.54,697.0,319.5,45.8,True,soil_temp_c_hard_range_violation;,0 days 00:15:00,0
SENS-07,2026-06-12 13:45:00,orchid_bark,12.23,73.36,655.0,323.1,54.3,True,soil_temp_c_hard_range_violation;,0 days 00:15:00,0
SENS-07,2026-06-12 14:00:00,orchid_bark,12.33,73.83,632.0,307.6,55.8,True,soil_temp_c_hard_range_violation;,0 days 00:15:00,0
SENS-07,2026-06-12 14:15:00,orchid_bark,12.28,74.89,701.0,306.4,52.0,True,soil_temp_c_hard_range_violation;,0 days 00:15:00,0
SENS-07,2026-06-12 14:30:00,orchid_bark,12.22,75.24,689.0,323.1,47.9,True,soil_temp_c_hard_range_violation;,0 days 00:15:00,0
SENS-07,2026-06-12 14:45:00,orchid_bark,12.17,75.45,660.0,316.8,49.7,True,soil_temp_c_hard_range_violation;,0 days 00:15:00,0
SENS-07,2026-06-12 15:00:00,orchid_bark,12.72,75.47,684.0,319.9,45.7,True,soil_temp_c_hard_range_violation;,0 days 00:15:00,0
SENS-07,2026-06-12 15:15:00,orchid_bark,12.72,75.78,715.0,317.8,46.6,True,soil_temp_c_hard_range_violation;,0 days 00:15:00,0
SENS-07,2026-06-12 15:30:00,orchid_bark,12.87,75.29,691.0,293.2,44.3,True,soil_temp_c_hard_range_violation;,0 days 00:15:00,0
SENS-07,2026-06-12 15:45:00,orchid_bark,12.94,76.73,706.0,284.2,43.5,True,soil_temp_c_hard_range_violation;,0 days 00:15:00,0
SENS-07,2026-06-12 16:00:00,orchid_bark,12.73,76.37,693.0,266.3,40.0,True,soil_temp_c_hard_range_violation;,0 days 00:15:00,0
SENS-07,2026-06-12 16:15:00,orchid_bark,12.82,75.96,769.0,270.2,40.1,True,soil_temp_c_hard_range_violation;,0 days 00:15:00,0
SENS-07,2026-06-12 16:30:00,orchid_bark,12.68,76.86,753.0,237.4,45.6,True,soil_temp_c_hard_range_violation;,0 days 00:15:00,0
SENS-07,2026-06-12 16:45:00,orchid_bark,12.48,75.72,705.0,232.8,38.2,True,soil_temp_c_hard_range_violation;,0 days 00:15:00,0
SENS-07,2026-06-12 17:00:00,orchid_bark,12.6,76.19,667.0,228.7,33.5,True,soil_temp_c_hard_range_violation;,0 days 00:15:00,0
SENS-07,2026-06-12 17:15:00,orchid_bark,12.34,76.73,678.0,205.7,49.4,True,soil_temp_c_hard_range_violation;,0 days 00:15:00,0
SENS-07,2026-06-12 17:30:00,orchid_bark,12.51,75.16,648.0,194.4,37.1,True,soil_temp_c_hard_range_violation;,0 days 00:15:00,0
SENS-07,2026-06-12 17:45:00,orchid_bark,12.62,77.58,668.0,176.1,37.1,True,soil_temp_c_hard_range_violation;,0 days 00:15:00,0
SENS-07,2026-06-12 18:00:00,orchid_bark,12.87,75.47,727.0,151.1,36.4,True,soil_temp_c_hard_range_violation;,0 days 00:15:00,0
SENS-07,2026-06-12 18:15:00,orchid_bark,12.95,75.43,676.0,125.0,37.4,True,soil_temp_c_hard_range_violation;,0 days 00:15:00,0
SENS-07,2026-06-12 18:30:00,orchid_bark,12.75,75.63,693.0,128.1,34.9,True,soil_temp_c_hard_range_violation;,0 days 00:15:00,0
SENS-07,2026-06-12 18:45:00,orchid_bark,12.97,75.99,747.0,101.4,41.5,True,soil_temp_c_hard_range_violation;,0 days 00:15:00,0
SENS-07,2026-06-12 19:00:00,orchid_bark,13.19,75.87,722.0,85.5,36.4,True,soil_temp_c_hard_range_violation;,0 days 00:15:00,0
SENS-07,2026-06-12 19:15:00,orchid_bark,13.36,76.12,703.0,62.0,33.9,True,soil_temp_c_hard_range_violation;,0 days 00:15:00,0
SENS-07,2026-06-12 19:30:00,orchid_bark,13.49,74.75,695.0,41.2,28.5,True,soil_temp_c_hard_range_violation;,0 days 00:15:00,0
SENS-07,2026-06-12 19:45:00,orchid_bark,13.18,74.77,692.0,22.2,40.6,True,soil_temp_c_hard_range_violation;,0 days 00:15:00,0
SENS-07,2026-06-12 20:00:00,orchid_bark,13.34,73.15,737.0,0.0,36.3,True,soil_temp_c_hard_range_violation;,0 days 00:15:00,0
SENS-07,2026-06-12 20:15:00,orchid_bark,13.07,73.18,712.0,0.0,39.1,True,soil_temp_c_hard_range_violation;,0 days 00:15:00,0
SENS-07,2026-06-12 20:30:00,orchid_bark,12.94,73.56,690.0,0.0,35.6,True,soil_temp_c_hard_range_violation;,0 days 00:15:00,0
SENS-07,2026-06-12 20:45:00,orchid_bark,12.76,73.56,649.0,19.9,39.1,True,soil_temp_c_hard_range_violation;,0 days 00:15:00,0
SENS-07,2026-06-12 21:00:00,orchid_bark,12.44,72.91,719.0,8.1,39.3,True,soil_temp_c_hard_range_violation;,0 days 00:15:00,0
SENS-07,2026-06-12 21:15:00,orchid_bark,12.47,72.97,714.0,11.9,42.8,True,soil_temp_c_hard_range_violation;,0 days 00:15:00,0
SENS-07,2026-06-12 21:30:00,orchid_bark,12.46,72.18,637.0,10.2,41.2,True,soil_temp_c_hard_range_violation;,0 days 00:15:00,0
SENS-07,2026-06-12 21:45:00,orchid_bark,12.72,71.65,694.0,0.0,38.1,True,soil_temp_c_hard_range_violation;,0 days 00:15:00,0
SENS-07,2026-06-12 22:00:00,orchid_bark,12.95,73.17,713.0,0.0,49.5,True,soil_temp_c_hard_range_violation;,0 days 00:15:00,0
SENS-07,2026-06-12 22:15:00,orchid_bark,12.98,70.84,690.0,0.0,44.4,True,soil_temp_c_hard_range_violation;,0 days 00:15:00,0
SENS-07,2026-06-12 22:30:00,orchid_bark,13.13,71.35,773.0,0.0,41.2,True,soil_temp_c_hard_range_violation;,0 days 00:15:00,0
SENS-07,2026-06-12 22:45:00,orchid_bark,13.09,69.28,761.0,0.0,45.6,True,soil_temp_c_hard_range_violation;,0 days 00:15:00,0
SENS-07,2026-06-12 23:00:00,orchid_bark,13.06,69.89,650.0,0.0,47.2,True,soil_temp_c_hard_range_violation;,0 days 00:15:00,0
SENS-07,2026-06-12 23:15:00,orchid_bark,13.08,68.9,690.0,0.0,48.5,True,soil_temp_c_hard_range_violation;,0 days 00:15:00,0
SENS-07,2026-06-12 23:30:00,orchid_bark,13.03,70.41,739.0,0.0,49.2,True,soil_temp_c_hard_range_violation;,0 days 00:15:00,0
SENS-07,2026-06-12 23:45:00,orchid_bark,13.07,68.16,697.0,0.0,50.0,True,soil_temp_c_hard_range_violation;,0 days 00:15:00,0
SENS-07,2026-06-13 00:00:00,orchid_bark,13.19,68.14,729.0,0.0,53.1,True,soil_temp_c_hard_range_violation;,0 days 00:15:00,0
SENS-07,2026-06-13 00:15:00,orchid_bark,12.93,67.19,674.0,0.0,53.7,True,soil_temp_c_hard_range_violation;,0 days 00:15:00,0
SENS-07,2026-06-13 00:30:00,orchid_bark,12.84,66.76,637.0,0.0,54.9,True,soil_temp_c_hard_range_violation;,0 days 00:15:00,0
SENS-07,2026-06-13 00:45:00,orchid_bark,12.99,66.96,728.0,0.0,48.5,True,soil_temp_c_hard_range_violation;,0 days 00:15:00,0
SENS-07,2026-06-13 01:00:00,orchid_bark,12.87,66.92,687.0,0.0,49.8,True,soil_temp_c_hard_range_violation;,0 days 00:15:00,0
SENS-07,2026-06-13 01:15:00,orchid_bark,12.75,67.06,803.0,0.0,53.8,True,soil_temp_c_hard_range_violation;,0 days 00:15:00,0
SENS-07,2026-06-13 01:30:00,orchid_bark,12.94,65.55,738.0,0.0,56.6,True,soil_temp_c_hard_range_violation;,0 days 00:15:00,0
SENS-07,2026-06-13 01:45:00,orchid_bark,12.79,65.21,658.0,0.0,56.2,True,soil_temp_c_hard_range_violation;,0 days 00:15:00,0
SENS-07,2026-06-13 02:00:00,orchid_bark,30.27,66.27,727.0,0.0,56.6,True,soil_temp_c_hard_range_violation;,0 days 00:15:00,0
SENS-07,2026-06-13 02:15:00,orchid_bark,30.26,66.22,697.0,0.0,61.5,True,soil_temp_c_hard_range_violation;,0 days 00:15:00,0
SENS-07,2026-06-13 02:30:00,orchid_bark,30.06,64.74,721.0,0.0,59.3,True,soil_temp_c_hard_range_violation;,0 days 00:15:00,0
SENS-07,2026-06-13 02:45:00,orchid_bark,29.71,64.9,671.0,0.0,55.8,True,soil_temp_c_hard_range_violation;,0 days 00:15:00,0
SENS-07,2026-06-13 03:00:00,orchid_bark,29.4,65.55,712.0,0.0,59.9,True,soil_temp_c_hard_range_violation;,0 days 00:15:00,0
SENS-07,2026-06-13 03:15:00,orchid_bark,29.55,66.06,742.0,0.0,63.2,True,soil_temp_c_hard_range_violation;,0 days 00:15:00,0
SENS-07,2026-06-13 03:30:00,orchid_bark,29.26,64.27,733.0,0.0,65.2,True,soil_temp_c_hard_range_violation;,0 days 00:15:00,0
SENS-07,2026-06-13 03:45:00,orchid_bark,28.96,64.38,744.0,0.0,69.6,True,soil_temp_c_hard_range_violation;,0 days 00:15:00,0
SENS-07,2026-06-13 04:00:00,orchid_bark,28.69,63.81,825.0,0.0,69.0,True,soil_temp_c_hard_range_violation;,0 days 00:15:00,0
SENS-07,2026-06-13 04:15:00,orchid_bark,28.47,62.56,681.0,0.0,62.5,True,soil_temp_c_hard_range_violation;,0 days 00:15:00,0
SENS-07,2026-06-13 04:30:00,orchid_bark,28.22,63.81,772.0,0.0,73.6,True,soil_temp_c_hard_range_violation;,0 days 00:15:00,0
SENS-07,2026-06-13 04:45:00,orchid_bark,28.16,64.51,712.0,0.0,69.4,True,soil_temp_c_hard_range_violation;,0 days 00:15:00,0
SENS-07,2026-06-13 05:00:00,orchid_bark,28.01,62.96,685.0,0.0,70.8,True,soil_temp_c_hard_range_violation;,0 days 00:15:00,0
SENS-07,2026-06-13 05:15:00,orchid_bark,27.73,62.19,700.0,0.0,71.5,True,soil_temp_c_hard_range_violation;,0 days 00:15:00,0
SENS-07,2026-06-13 05:30:00,orchid_bark,27.71,63.99,736.0,0.0,69.1,True,soil_temp_c_hard_range_violation;,0 days 00:15:00,0
SENS-07,2026-06-13 05:45:00,orchid_bark,27.6,62.35,685.0,0.0,73.7,True,soil_temp_c_hard_range_violation;,0 days 00:15:00,0
SENS-07,2026-06-13 06:00:00,orchid_bark,27.71,62.58,622.0,0.0,66.5,True,soil_temp_c_hard_range_violation;,0 days 00:15:00,0
SENS-07,2026-06-13 06:15:00,orchid_bark,27.61,62.65,734.0,0.0,76.7,True,soil_temp_c_hard_range_violation;,0 days 00:15:00,0
SENS-07,2026-06-13 06:30:00,orchid_bark,27.42,62.55,709.0,0.0,73.4,True,soil_temp_c_hard_range_violation;,0 days 00:15:00,0
SENS-07,2026-06-13 06:45:00,orchid_bark,27.22,64.9,679.0,0.0,74.1,True,soil_temp_c_hard_range_violation;,0 days 00:15:00,0
SENS-07,2026-06-13 07:00:00,orchid_bark,27.09,64.44,650.0,0.0,74.6,True,soil_temp_c_hard_range_violation;,0 days 00:15:00,0
SENS-07,2026-06-13 07:15:00,orchid_bark,27.01,66.04,716.0,0.0,71.6,True,soil_temp_c_hard_range_violation;,0 days 00:15:00,0
SENS-07,2026-06-13 07:30:00,orchid_bark,26.85,65.34,752.0,0.0,76.7,True,soil_temp_c_hard_range_violation;,0 days 00:15:00,0
SENS-07,2026-06-13 07:45:00,orchid_bark,26.61,66.54,664.0,0.0,70.5,True,soil_temp_c_hard_range_violation;,0 days 00:15:00,0
SENS-07,2026-06-13 08:00:00,orchid_bark,26.58,64.89,711.0,3.2,69.4,True,soil_temp_c_hard_range_violation;,0 days 00:15:00,0
SENS-07,2026-06-13 08:15:00,orchid_bark,26.52,65.91,789.0,22.7,72.5,True,soil_temp_c_hard_range_violation;,0 days 00:15:00,0
SENS-07,2026-06-13 08:30:00,orchid_bark,26.37,65.05,738.0,45.3,67.5,True,soil_temp_c_hard_range_violation;,0 days 00:15:00,0
SENS-07,2026-06-13 08:45:00,orchid_bark,26.36,66.09,700.0,59.5,69.4,True,soil_temp_c_hard_range_violation;,0 days 00:15:00,0
SENS-07,2026-06-13 09:00:00,orchid_bark,26.19,67.68,696.0,84.5,71.4,True,soil_temp_c_hard_range_violation;,0 days 00:15:00,0
SENS-07,2026-06-13 09:15:00,orchid_bark,26.05,66.99,681.0,107.9,72.2,True,soil_temp_c_hard_range_violation;,0 days 00:15:00,0
SENS-07,2026-06-13 09:30:00,orchid_bark,26.03,67.23,703.0,141.3,69.2,True,soil_temp_c_hard_range_violation;,0 days 00:15:00,0
SENS-07,2026-06-13 09:45:00,orchid_bark,26.04,67.77,684.0,138.4,65.8,True,soil_temp_c_hard_range_violation;,0 days 00:15:00,0
SENS-07,2026-06-13 10:00:00,orchid_bark,26.03,68.27,690.0,168.2,66.7,True,soil_temp_c_hard_range_violation;,0 days 00:15:00,0
SENS-07,2026-06-13 10:15:00,orchid_bark,25.73,68.68,696.0,183.0,64.9,True,soil_temp_c_hard_range_violation;,0 days 00:15:00,0
SENS-07,2026-06-13 10:30:00,orchid_bark,25.66,69.94,636.0,195.8,65.7,True,soil_temp_c_hard_range_violation;,0 days 00:15:00,0
SENS-07,2026-06-13 10:45:00,orchid_bark,25.53,68.86,695.0,200.6,63.1,True,soil_temp_c_hard_range_violation;,0 days 00:15:00,0
SENS-07,2026-06-13 11:00:00,orchid_bark,25.47,69.66,809.0,237.4,61.1,True,soil_temp_c_hard_range_violation;,0 days 00:15:00,0
SENS-07,2026-06-13 11:15:00,orchid_bark,25.69,70.29,646.0,242.6,59.7,True,soil_temp_c_hard_range_violation;,0 days 00:15:00,0
SENS-07,2026-06-13 11:30:00,orchid_bark,25.51,69.98,763.0,249.1,56.4,True,soil_temp_c_hard_range_violation;,0 days 00:15:00,0
SENS-07,2026-06-13 11:45:00,orchid_bark,25.38,70.7,744.0,259.0,64.0,True,soil_temp_c_hard_range_violation;,0 days 00:15:00,0
SENS-07,2026-06-13 12:00:00,orchid_bark,25.12,71.98,728.0,279.2,61.8,True,soil_temp_c_hard_range_violation;,0 days 00:15:00,0
SENS-07,2026-06-13 12:15:00,orchid_bark,24.95,71.24,681.0,279.5,54.8,True,soil_temp_c_hard_range_violation;,0 days 00:15:00,0
SENS-07,2026-06-13 12:30:00,orchid_bark,24.68,74.21,739.0,291.1,59.3,True,soil_temp_c_hard_range_violation;,0 days 00:15:00,0
SENS-07,2026-06-13 12:45:00,orchid_bark,24.33,73.76,776.0,298.3,56.3,True,soil_temp_c_hard_range_violation;,0 days 00:15:00,0
SENS-07,2026-06-13 13:00:00,orchid_bark,23.82,73.08,746.0,309.5,51.1,True,soil_temp_c_hard_range_violation;,0 days 00:15:00,0
SENS-07,2026-06-13 13:15:00,orchid_bark,23.55,73.71,713.0,318.7,50.7,True,soil_temp_c_hard_range_violation;,0 days 00:15:00,0
SENS-07,2026-06-13 13:30:00,orchid_bark,23.31,74.19,704.0,314.7,52.2,True,soil_temp_c_hard_range_violation;,0 days 00:15:00,0
SENS-07,2026-06-13 13:45:00,orchid_bark,23.18,74.35,678.0,317.6,53.7,True,soil_temp_c_hard_range_violation;,0 days 00:15:00,0
SENS-07,2026-06-13 14:00:00,orchid_bark,22.96,74.32,708.0,320.9,52.1,True,soil_temp_c_hard_range_violation;,0 days 00:15:00,0
SENS-07,2026-06-13 14:15:00,orchid_bark,23.05,76.51,726.0,313.3,47.6,True,soil_temp_c_hard_range_violation;,0 days 00:15:00,0
SENS-07,2026-06-13 14:30:00,orchid_bark,22.98,74.28,706.0,312.6,49.5,True,soil_temp_c_hard_range_violation;,0 days 00:15:00,0
SENS-07,2026-06-13 14:45:00,orchid_bark,23.01,74.77,701.0,310.1,46.6,True,soil_temp_c_hard_range_violation;,0 days 00:15:00,0
SENS-07,2026-06-13 15:00:00,orchid_bark,23.1,75.31,701.0,311.4,43.8,True,soil_temp_c_hard_range_violation;,0 days 00:15:00,0
SENS-07,2026-06-13 15:15:00,orchid_bark,23.26,75.92,777.0,315.9,47.9,True,soil_temp_c_hard_range_violation;,0 days 00:15:00,0
SENS-07,2026-06-13 15:30:00,orchid_bark,23.34,77.07,711.0,285.7,44.5,True,soil_temp_c_hard_range_violation;,0 days 00:15:00,0
SENS-07,2026-06-13 15:45:00,orchid_bark,23.04,75.76,713.0,288.9,44.7,True,soil_temp_c_hard_range_violation;,0 days 00:15:00,0
SENS-07,2026-06-13 16:00:00,orchid_bark,23.1,76.3,608.0,275.3,39.0,True,soil_temp_c_hard_range_violation;,0 days 00:15:00,0
SENS-07,2026-06-13 16:15:00,orchid_bark,23.05,76.26,743.0,264.7,39.9,True,soil_temp_c_hard_range_violation;,0 days 00:15:00,0
SENS-07,2026-06-13 16:30:00,orchid_bark,23.2,75.99,728.0,250.0,43.2,True,soil_temp_c_hard_range_violation;,0 days 00:15:00,0
SENS-07,2026-06-13 16:45:00,orchid_bark,23.09,76.98,726.0,249.7,39.2,True,soil_temp_c_hard_range_violation;,0 days 00:15:00,0
SENS-07,2026-06-13 17:00:00,orchid_bark,23.21,76.41,728.0,206.9,38.7,True,soil_temp_c_hard_range_violation;,0 days 00:15:00,0
SENS-07,2026-06-13 17:15:00,orchid_bark,23.11,76.8,666.0,201.9,35.7,True,soil_temp_c_hard_range_violation;,0 days 00:15:00,0
SENS-07,2026-06-13 17:30:00,orchid_bark,23.02,75.83,693.0,203.5,39.0,True,soil_temp_c_hard_range_violation;,0 days 00:15:00,0
SENS-07,2026-06-13 17:45:00,orchid_bark,23.04,75.6,775.0,187.1,34.7,True,soil_temp_c_hard_range_violation;,0 days 00:15:00,0
SENS-07,2026-06-13 18:00:00,orchid_bark,22.87,75.63,648.0,174.1,38.7,True,soil_temp_c_hard_range_violation;,0 days 00:15:00,0
SENS-07,2026-06-13 18:15:00,orchid_bark,22.86,75.97,651.0,144.0,34.4,True,soil_temp_c_hard_range_violation;,0 days 00:15:00,0
SENS-07,2026-06-13 18:30:00,orchid_bark,22.45,76.42,645.0,126.3,36.5,True,soil_temp_c_hard_range_violation;,0 days 00:15:00,0
SENS-07,2026-06-13 18:45:00,orchid_bark,22.44,76.96,697.0,88.0,41.8,True,soil_temp_c_hard_range_violation;,0 days 00:15:00,0
SENS-07,2026-06-13 19:00:00,orchid_bark,22.07,75.38,768.0,82.8,38.1,True,soil_temp_c_hard_range_violation;,0 days 00:15:00,0
SENS-07,2026-06-13 19:15:00,orchid_bark,22.08,76.39,715.0,66.9,36.0,True,soil_temp_c_hard_range_violation;,0 days 00:15:00,0
SENS-07,2026-06-13 19:30:00,orchid_bark,21.35,75.25,748.0,37.9,39.7,True,soil_temp_c_hard_range_violation;,0 days 00:15:00,0
SENS-07,2026-06-13 19:45:00,orchid_bark,20.89,74.05,624.0,20.2,35.2,True,soil_temp_c_hard_range_violation;,0 days 00:15:00,0
SENS-07,2026-06-13 20:00:00,orchid_bark,20.81,74.34,670.0,9.9,34.7,True,soil_temp_c_hard_range_violation;,0 days 00:15:00,0
SENS-07,2026-06-13 20:15:00,orchid_bark,20.73,74.52,677.0,11.7,36.9,True,soil_temp_c_hard_range_violation;,0 days 00:15:00,0
SENS-07,2026-06-13 20:30:00,orchid_bark,20.59,74.25,768.0,2.0,41.7,True,soil_temp_c_hard_range_violation;,0 days 00:15:00,0
SENS-07,2026-06-13 20:45:00,orchid_bark,20.65,72.95,710.0,0.0,42.0,True,soil_temp_c_hard_range_violation;,0 days 00:15:00,0
SENS-07,2026-06-13 21:00:00,orchid_bark,20.74,72.7,702.0,5.8,37.9,True,soil_temp_c_hard_range_violation;,0 days 00:15:00,0
SENS-07,2026-06-13 21:15:00,orchid_bark,21.16,72.34,712.0,0.0,39.2,True,soil_temp_c_hard_range_violation;,0 days 00:15:00,0
SENS-07,2026-06-13 21:30:00,orchid_bark,21.07,72.07,695.0,8.4,42.0,True,soil_temp_c_hard_range_violation;,0 days 00:15:00,0
SENS-07,2026-06-13 21:45:00,orchid_bark,21.19,72.05,784.0,0.0,48.8,True,soil_temp_c_hard_range_violation;,0 days 00:15:00,0
SENS-07,2026-06-13 22:00:00,orchid_bark,20.93,72.79,782.0,6.0,41.6,True,soil_temp_c_hard_range_violation;,0 days 00:15:00,0
SENS-07,2026-06-13 22:15:00,orchid_bark,20.72,70.72,749.0,0.0,47.3,True,soil_temp_c_hard_range_violation;,0 days 00:15:00,0
SENS-07,2026-06-13 22:30:00,orchid_bark,20.47,69.44,744.0,0.0,44.8,True,soil_temp_c_hard_range_violation;,0 days 00:15:00,0
SENS-07,2026-06-13 22:45:00,orchid_bark,20.36,68.99,684.0,0.0,47.6,True,soil_temp_c_hard_range_violation;,0 days 00:15:00,0
SENS-07,2026-06-13 23:00:00,orchid_bark,20.32,70.39,723.0,0.0,49.0,True,soil_temp_c_hard_range_violation;,0 days 00:15:00,0
SENS-07,2026-06-13 23:15:00,orchid_bark,20.44,68.99,624.0,0.0,47.6,True,soil_temp_c_hard_range_violation;,0 days 00:15:00,0
SENS-07,2026-06-13 23:30:00,orchid_bark,20.42,69.17,687.0,0.0,48.0,True,soil_temp_c_hard_range_violation;,0 days 00:15:00,0
SENS-07,2026-06-13 23:45:00,orchid_bark,20.6,68.05,642.0,0.0,48.6,True,soil_temp_c_hard_range_violation;,0 days 00:15:00,0
SENS-07,2026-06-14 00:00:00,orchid_bark,20.78,68.05,724.0,0.0,51.4,True,soil_temp_c_hard_range_violation;,0 days 00:15:00,0
SENS-07,2026-06-14 00:15:00,orchid_bark,20.7,67.53,700.0,0.0,55.1,True,soil_temp_c_hard_range_violation;,0 days 00:15:00,0
SENS-07,2026-06-14 00:30:00,orchid_bark,20.59,66.9,735.0,0.0,56.6,True,soil_temp_c_hard_range_violation;,0 days 00:15:00,0
SENS-07,2026-06-14 00:45:00,orchid_bark,20.19,67.91,730.0,0.0,57.5,True,soil_temp_c_hard_range_violation;,0 days 00:15:00,0
SENS-07,2026-06-14 01:00:00,orchid_bark,20.0,67.59,749.0,0.0,53.6,True,soil_temp_c_hard_range_violation;,0 days 00:15:00,0
SENS-07,2026-06-14 01:15:00,orchid_bark,19.76,66.76,674.0,0.0,54.5,True,soil_temp_c_hard_range_violation;,0 days 00:15:00,0
SENS-07,2026-06-14 01:30:00,orchid_bark,19.52,67.44,632.0,0.0,54.9,True,soil_temp_c_hard_range_violation;,0 days 00:15:00,0
SENS-07,2026-06-14 01:45:00,orchid_bark,19.36,64.71,782.0,0.0,59.0,True,soil_temp_c_hard_range_violation;,0 days 00:15:00,0
SENS-07,2026-06-14 02:00:00,orchid_bark,19.39,65.19,682.0,0.0,62.5,True,soil_temp_c_hard_range_violation;,0 days 00:15:00,0
SENS-07,2026-06-14 02:15:00,orchid_bark,19.37,64.81,702.0,0.0,59.1,True,soil_temp_c_hard_range_violation;,0 days 00:15:00,0
SENS-07,2026-06-14 02:30:00,orchid_bark,19.49,65.32,747.0,0.0,61.3,True,soil_temp_c_hard_range_violation;,0 days 00:15:00,0
SENS-07,2026-06-14 02:45:00,orchid_bark,19.49,63.66,692.0,0.0,64.9,True,soil_temp_c_hard_range_violation;,0 days 00:15:00,0
SENS-07,2026-06-14 03:00:00,orchid_bark,19.3,64.83,658.0,0.0,63.0,True,soil_temp_c_hard_range_violation;,0 days 00:15:00,0
SENS-07,2026-06-14 03:15:00,orchid_bark,19.37,63.1,789.0,0.0,64.4,True,soil_temp_c_hard_range_violation;,0 days 00:15:00,0
SENS-07,2026-06-14 03:30:00,orchid_bark,19.02,64.53,682.0,0.0,69.3,True,soil_temp_c_hard_range_violation;,0 days 00:15:00,0
SENS-07,2026-06-14 03:45:00,orchid_bark,19.14,64.67,778.0,0.0,66.9,True,soil_temp_c_hard_range_violation;,0 days 00:15:00,0
SENS-07,2026-06-14 04:00:00,orchid_bark,18.92,62.91,719.0,0.0,65.6,True,soil_temp_c_hard_range_violation;,0 days 00:15:00,0
SENS-07,2026-06-14 04:15:00,orchid_bark,18.39,63.36,745.0,0.0,68.8,True,soil_temp_c_hard_range_violation;,0 days 00:15:00,0
SENS-07,2026-06-14 04:30:00,orchid_bark,18.43,64.42,744.0,0.0,70.6,True,soil_temp_c_hard_range_violation;,0 days 00:15:00,0
SENS-07,2026-06-14 04:45:00,orchid_bark,18.3,64.51,688.0,0.0,77.5,True,soil_temp_c_hard_range_violation;,0 days 00:15:00,0
SENS-07,2026-06-14 05:00:00,orchid_bark,18.47,62.47,728.0,0.0,75.1,True,soil_temp_c_hard_range_violation;,0 days 00:15:00,0
SENS-07,2026-06-14 05:15:00,orchid_bark,18.59,63.79,783.0,0.0,80.7,True,soil_temp_c_hard_range_violation;,0 days 00:15:00,0
SENS-07,2026-06-14 05:30:00,orchid_bark,18.33,64.02,757.0,0.0,68.4,True,soil_temp_c_hard_range_violation;,0 days 00:15:00,0
SENS-07,2026-06-14 05:45:00,orchid_bark,18.57,63.61,751.0,0.0,76.2,True,soil_temp_c_hard_range_violation;,0 days 00:15:00,0
SENS-07,2026-06-14 06:00:00,orchid_bark,18.12,64.74,732.0,0.0,77.0,True,soil_temp_c_hard_range_violation;,0 days 00:15:00,0
SENS-07,2026-06-14 06:15:00,orchid_bark,18.15,63.45,701.0,0.0,72.7,True,soil_temp_c_hard_range_violation;,0 days 00:15:00,0
SENS-07,2026-06-14 06:30:00,orchid_bark,18.37,63.68,670.0,0.0,71.7,True,soil_temp_c_hard_range_violation;,0 days 00:15:00,0
SENS-07,2026-06-14 06:45:00,orchid_bark,18.1,63.68,768.0,0.0,75.2,True,soil_temp_c_hard_range_violation;,0 days 00:15:00,0
SENS-07,2026-06-14 07:00:00,orchid_bark,18.46,64.53,682.0,0.0,72.0,True,soil_temp_c_hard_range_violation;,0 days 00:15:00,0
SENS-07,2026-06-14 07:15:00,orchid_bark,18.43,64.36,685.0,0.0,69.5,True,soil_temp_c_hard_range_violation;,0 days 00:15:00,0
SENS-07,2026-06-14 07:30:00,orchid_bark,18.44,65.43,705.0,0.0,68.6,True,soil_temp_c_hard_range_violation;,0 days 00:15:00,0
SENS-07,2026-06-14 07:45:00,orchid_bark,18.61,64.81,646.0,3.9,68.2,True,soil_temp_c_hard_range_violation;,0 days 00:15:00,0
SENS-07,2026-06-14 08:00:00,orchid_bark,18.62,65.23,690.0,0.0,73.1,True,soil_temp_c_hard_range_violation;,0 days 00:15:00,0
SENS-07,2026-06-14 08:15:00,orchid_bark,18.29,65.82,675.0,14.2,74.1,True,soil_temp_c_hard_range_violation;,0 days 00:15:00,0
SENS-07,2026-06-14 08:30:00,orchid_bark,17.58,65.41,647.0,32.3,68.7,True,soil_temp_c_hard_range_violation;,0 days 00:15:00,0
SENS-07,2026-06-14 08:45:00,orchid_bark,17.33,67.06,655.0,55.1,72.6,True,soil_temp_c_hard_range_violation;,0 days 00:15:00,0
SENS-07,2026-06-14 09:00:00,orchid_bark,17.09,67.19,703.0,87.7,72.0,True,soil_temp_c_hard_range_violation;,0 days 00:15:00,0
SENS-07,2026-06-14 09:15:00,orchid_bark,16.85,67.51,745.0,113.5,71.0,True,soil_temp_c_hard_range_violation;,0 days 00:15:00,0
SENS-07,2026-06-14 09:30:00,orchid_bark,16.67,66.69,701.0,127.3,71.3,True,soil_temp_c_hard_range_violation;,0 days 00:15:00,0
SENS-07,2026-06-14 09:45:00,orchid_bark,16.06,68.92,661.0,138.9,69.2,True,soil_temp_c_hard_range_violation;,0 days 00:15:00,0
SENS-07,2026-06-14 10:00:00,orchid_bark,15.78,66.87,678.0,155.0,71.7,True,soil_temp_c_hard_range_violation;,0 days 00:15:00,0
SENS-07,2026-06-14 10:15:00,orchid_bark,15.85,69.13,718.0,179.1,68.7,True,soil_temp_c_hard_range_violation;,0 days 00:15:00,0
SENS-07,2026-06-14 10:30:00,orchid_bark,16.01,69.12,750.0,186.5,62.2,True,soil_temp_c_hard_range_violation;,0 days 00:15:00,0
SENS-07,2026-06-14 10:45:00,orchid_bark,15.83,69.91,743.0,218.1,70.5,True,soil_temp_c_hard_range_violation;,0 days 00:15:00,0
SENS-07,2026-06-14 11:00:00,orchid_bark,15.93,69.69,714.0,229.2,61.1,True,soil_temp_c_hard_range_violation;,0 days 00:15:00,0
SENS-07,2026-06-14 11:15:00,orchid_bark,15.37,70.3,765.0,232.8,62.9,True,soil_temp_c_hard_range_violation;,0 days 00:15:00,0
SENS-07,2026-06-14 11:30:00,orchid_bark,15.39,71.17,683.0,265.8,69.5,True,soil_temp_c_hard_range_violation;,0 days 00:15:00,0
SENS-07,2026-06-14 11:45:00,orchid_bark,15.59,71.06,657.0,256.4,62.3,True,soil_temp_c_hard_range_violation;,0 days 00:15:00,0
SENS-07,2026-06-14 12:00:00,orchid_bark,15.65,71.62,693.0,277.5,57.2,True,soil_temp_c_hard_range_violation;,0 days 00:15:00,0
SENS-07,2026-06-14 12:15:00,orchid_bark,15.61,72.05,755.0,293.7,59.5,True,soil_temp_c_hard_range_violation;,0 days 00:15:00,0
SENS-07,2026-06-14 12:30:00,orchid_bark,15.06,73.83,732.0,301.5,58.9,True,soil_temp_c_hard_range_violation;,0 days 00:15:00,0
SENS-07,2026-06-14 12:45:00,orchid_bark,15.41,71.47,748.0,298.0,56.8,True,soil_temp_c_hard_range_violation;,0 days 00:15:00,0
SENS-07,2026-06-14 13:00:00,orchid_bark,15.76,73.92,701.0,305.8,53.5,True,soil_temp_c_hard_range_violation;,0 days 00:15:00,0
SENS-07,2026-06-14 13:15:00,orchid_bark,15.86,73.67,710.0,306.2,50.0,True,soil_temp_c_hard_range_violation;,0 days 00:15:00,0
SENS-07,2026-06-14 13:30:00,orchid_bark,16.09,73.9,696.0,319.0,49.2,True,soil_temp_c_hard_range_violation;,0 days 00:15:00,0
SENS-07,2026-06-14 13:45:00,orchid_bark,16.05,73.08,670.0,325.9,49.2,True,soil_temp_c_hard_range_violation;,0 days 00:15:00,0
SENS-07,2026-06-14 14:00:00,orchid_bark,16.16,75.13,706.0,304.7,54.2,True,soil_temp_c_hard_range_violation;,0 days 00:15:00,0
SENS-07,2026-06-14 14:15:00,orchid_bark,16.28,73.76,696.0,323.8,45.6,True,soil_temp_c_hard_range_violation;,0 days 00:15:00,0
SENS-07,2026-06-14 14:30:00,orchid_bark,16.23,75.9,685.0,313.3,48.6,True,soil_temp_c_hard_range_violation;,0 days 00:15:00,0
SENS-07,2026-06-14 14:45:00,orchid_bark,16.02,74.7,729.0,313.1,51.2,True,soil_temp_c_hard_range_violation;,0 days 00:15:00,0
SENS-07,2026-06-14 15:00:00,orchid_bark,16.15,76.35,710.0,300.6,48.0,True,soil_temp_c_hard_range_violation;,0 days 00:15:00,0
SENS-07,2026-06-14 15:15:00,orchid_bark,16.48,74.98,759.0,298.1,49.3,True,soil_temp_c_hard_range_violation;,0 days 00:15:00,0
SENS-07,2026-06-14 15:30:00,orchid_bark,16.68,74.98,670.0,311.6,42.3,True,soil_temp_c_hard_range_violation;,0 days 00:15:00,0
SENS-07,2026-06-14 15:45:00,orchid_bark,16.7,75.74,688.0,284.3,45.0,True,soil_temp_c_hard_range_violation;,0 days 00:15:00,0
SENS-07,2026-06-14 16:00:00,orchid_bark,16.71,75.4,634.0,277.0,45.7,True,soil_temp_c_hard_range_violation;,0 days 00:15:00,0
SENS-07,2026-06-14 16:15:00,orchid_bark,16.72,75.85,665.0,258.8,44.3,True,soil_temp_c_hard_range_violation;,0 days 00:15:00,0
SENS-07,2026-06-14 16:30:00,orchid_bark,16.22,77.31,730.0,274.5,43.4,True,soil_temp_c_hard_range_violation;,0 days 00:15:00,0
SENS-07,2026-06-14 16:45:00,orchid_bark,16.15,75.72,737.0,244.3,36.4,True,soil_temp_c_hard_range_violation;,0 days 00:15:00,0
SENS-07,2026-06-14 17:00:00,orchid_bark,16.07,76.26,732.0,226.1,41.4,True,soil_temp_c_hard_range_violation;,0 days 00:15:00,0
SENS-07,2026-06-14 17:15:00,orchid_bark,15.78,77.27,757.0,218.4,40.3,True,soil_temp_c_hard_range_violation;,0 days 00:15:00,0
SENS-07,2026-06-14 17:30:00,orchid_bark,15.95,76.26,727.0,197.6,37.9,True,soil_temp_c_hard_range_violation;,0 days 00:15:00,0
SENS-07,2026-06-14 17:45:00,orchid_bark,15.97,76.82,707.0,176.4,36.1,True,soil_temp_c_hard_range_violation;,0 days 00:15:00,0
SENS-07,2026-06-14 18:00:00,orchid_bark,15.41,76.32,732.0,159.0,39.0,True,soil_temp_c_hard_range_violation;,0 days 00:15:00,0
SENS-07,2026-06-14 18:15:00,orchid_bark,15.42,76.53,675.0,129.2,34.4,True,soil_temp_c_hard_range_violation;,0 days 00:15:00,0
SENS-07,2026-06-14 18:30:00,orchid_bark,15.64,75.61,639.0,119.5,35.9,True,soil_temp_c_hard_range_violation;,0 days 00:15:00,0
SENS-07,2026-06-14 18:45:00,orchid_bark,15.48,75.9,689.0,98.8,39.9,True,soil_temp_c_hard_range_violation;,0 days 00:15:00,0
SENS-07,2026-06-14 19:00:00,orchid_bark,15.24,76.6,694.0,85.4,40.1,True,soil_temp_c_hard_range_violation;,0 days 00:15:00,0
SENS-07,2026-06-14 19:15:00,orchid_bark,14.95,74.84,710.0,60.7,38.5,True,soil_temp_c_hard_range_violation;,0 days 00:15:00,0
SENS-07,2026-06-14 19:30:00,orchid_bark,14.94,75.15,673.0,47.3,35.8,True,soil_temp_c_hard_range_violation;,0 days 00:15:00,0
SENS-07,2026-06-14 19:45:00,orchid_bark,14.76,74.08,681.0,21.7,34.0,True,soil_temp_c_hard_range_violation;,0 days 00:15:00,0
SENS-07,2026-06-14 20:00:00,orchid_bark,14.44,75.04,737.0,0.0,35.3,True,soil_temp_c_hard_range_violation;,0 days 00:15:00,0
SENS-07,2026-06-14 20:15:00,orchid_bark,14.74,72.79,656.0,11.9,41.8,True,soil_temp_c_hard_range_violation;,0 days 00:15:00,0
SENS-07,2026-06-14 20:30:00,orchid_bark,14.75,73.45,701.0,0.0,39.0,True,soil_temp_c_hard_range_violation;,0 days 00:15:00,0
SENS-07,2026-06-14 20:45:00,orchid_bark,14.62,74.07,681.0,4.4,38.6,True,soil_temp_c_hard_range_violation;,0 days 00:15:00,0
SENS-07,2026-06-14 21:00:00,orchid_bark,14.92,72.88,638.0,0.0,39.9,True,soil_temp_c_hard_range_violation;,0 days 00:15:00,0
SENS-07,2026-06-14 21:15:00,orchid_bark,14.95,71.33,689.0,6.2,42.1,True,soil_temp_c_hard_range_violation;,0 days 00:15:00,0
SENS-07,2026-06-14 21:30:00,orchid_bark,14.89,71.69,670.0,0.0,37.6,True,soil_temp_c_hard_range_violation;,0 days 00:15:00,0
SENS-07,2026-06-14 21:45:00,orchid_bark,14.9,71.37,689.0,15.5,40.0,True,soil_temp_c_hard_range_violation;,0 days 00:15:00,0
SENS-07,2026-06-14 22:00:00,orchid_bark,14.77,72.61,709.0,5.5,44.2,True,soil_temp_c_hard_range_violation;,0 days 00:15:00,0
SENS-07,2026-06-14 22:15:00,orchid_bark,14.71,71.64,618.0,0.0,43.9,True,soil_temp_c_hard_range_violation;,0 days 00:15:00,0
SENS-07,2026-06-14 22:30:00,orchid_bark,14.8,71.29,747.0,4.6,47.4,True,soil_temp_c_hard_range_violation;,0 days 00:15:00,0
SENS-07,2026-06-14 22:45:00,orchid_bark,15.11,69.37,826.0,0.0,47.3,True,soil_temp_c_hard_range_violation;,0 days 00:15:00,0
SENS-07,2026-06-14 23:00:00,orchid_bark,14.97,69.84,668.0,0.0,43.7,True,soil_temp_c_hard_range_violation;,0 days 00:15:00,0
SENS-07,2026-06-14 23:15:00,orchid_bark,15.06,70.54,682.0,0.0,37.0,True,soil_temp_c_hard_range_violation;,0 days 00:15:00,0
SENS-07,2026-06-14 23:30:00,orchid_bark,14.73,69.66,673.0,0.0,48.7,True,soil_temp_c_hard_range_violation;,0 days 00:15:00,0
SENS-07,2026-06-14 23:45:00,orchid_bark,14.81,68.23,662.0,0.0,46.1,True,soil_temp_c_hard_range_violation;,0 days 00:15:00,0
SENS-07,2026-06-15 00:00:00,orchid_bark,15.14,68.77,785.0,0.0,51.9,True,soil_temp_c_hard_range_violation;,0 days 00:15:00,0
SENS-07,2026-06-15 00:15:00,orchid_bark,15.11,66.88,693.0,0.0,56.3,True,soil_temp_c_hard_range_violation;,0 days 00:15:00,0
SENS-07,2026-06-15 00:30:00,orchid_bark,14.96,66.81,733.0,0.0,49.6,True,soil_temp_c_hard_range_violation;,0 days 00:15:00,0
SENS-07,2026-06-15 00:45:00,orchid_bark,14.83,65.7,752.0,0.0,55.8,True,soil_temp_c_hard_range_violation;,0 days 00:15:00,0
SENS-07,2026-06-15 01:00:00,orchid_bark,14.89,66.6,747.0,0.0,57.6,True,soil_temp_c_hard_range_violation;,0 days 00:15:00,0
SENS-07,2026-06-15 01:15:00,orchid_bark,14.88,66.79,750.0,0.0,57.2,True,soil_temp_c_hard_range_violation;,0 days 00:15:00,0
SENS-07,2026-06-15 01:30:00,orchid_bark,14.77,65.3,653.0,0.0,58.3,True,soil_temp_c_hard_range_violation;,0 days 00:15:00,0
SENS-07,2026-06-15 01:45:00,orchid_bark,14.87,65.62,742.0,0.0,52.3,True,soil_temp_c_hard_range_violation;,0 days 00:15:00,0
SENS-07,2026-06-15 02:00:00,orchid_bark,14.66,64.78,690.0,0.0,59.9,True,soil_temp_c_hard_range_violation;,0 days 00:15:00,0
SENS-07,2026-06-15 02:15:00,orchid_bark,14.81,64.67,771.0,0.0,60.8,True,soil_temp_c_hard_range_violation;,0 days 00:15:00,0
SENS-07,2026-06-15 02:30:00,orchid_bark,14.72,64.08,670.0,0.0,65.0,True,soil_temp_c_hard_range_violation;,0 days 00:15:00,0
SENS-07,2026-06-15 02:45:00,orchid_bark,14.82,65.5,658.0,0.0,65.8,True,soil_temp_c_hard_range_violation;,0 days 00:15:00,0
SENS-07,2026-06-15 03:00:00,orchid_bark,14.96,63.88,703.0,0.0,62.5,True,soil_temp_c_hard_range_violation;,0 days 00:15:00,0
SENS-07,2026-06-15 03:15:00,orchid_bark,14.54,64.0,729.0,0.0,59.3,True,soil_temp_c_hard_range_violation;,0 days 00:15:00,0
SENS-07,2026-06-15 03:30:00,orchid_bark,14.5,63.64,631.0,0.0,61.2,True,soil_temp_c_hard_range_violation;,0 days 00:15:00,0
SENS-07,2026-06-15 03:45:00,orchid_bark,14.17,64.09,687.0,0.0,71.1,True,soil_temp_c_hard_range_violation;,0 days 00:15:00,0
SENS-07,2026-06-15 04:00:00,orchid_bark,13.8,65.53,659.0,0.0,67.5,True,soil_temp_c_hard_range_violation;,0 days 00:15:00,0
SENS-07,2026-06-15 04:15:00,orchid_bark,13.73,65.66,740.0,0.0,64.2,True,soil_temp_c_hard_range_violation;,0 days 00:15:00,0
SENS-07,2026-06-15 04:30:00,orchid_bark,13.78,63.43,680.0,0.0,65.3,True,soil_temp_c_hard_range_violation;,0 days 00:15:00,0
SENS-07,2026-06-15 04:45:00,orchid_bark,13.45,63.84,748.0,0.0,70.7,True,soil_temp_c_hard_range_violation;,0 days 00:15:00,0
SENS-07,2026-06-15 05:00:00,orchid_bark,13.49,64.22,674.0,0.0,71.0,True,soil_temp_c_hard_range_violation;,0 days 00:15:00,0
SENS-07,2026-06-15 05:15:00,orchid_bark,13.3,64.45,715.0,0.0,76.1,True,soil_temp_c_hard_range_violation;,0 days 00:15:00,0
SENS-07,2026-06-15 05:30:00,orchid_bark,13.3,64.04,648.0,0.0,71.4,True,soil_temp_c_hard_range_violation;,0 days 00:15:00,0
SENS-07,2026-06-15 05:45:00,orchid_bark,13.79,64.45,699.0,0.0,73.2,True,soil_temp_c_hard_range_violation;,0 days 00:15:00,0
SENS-07,2026-06-15 06:00:00,orchid_bark,13.71,64.04,659.0,0.0,72.3,True,soil_temp_c_hard_range_violation;,0 days 00:15:00,0
SENS-07,2026-06-15 06:15:00,orchid_bark,13.46,63.41,764.0,0.0,75.1,True,soil_temp_c_hard_range_violation;,0 days 00:15:00,0
SENS-07,2026-06-15 06:30:00,orchid_bark,13.44,64.81,746.0,0.0,78.1,True,soil_temp_c_hard_range_violation;,0 days 00:15:00,0
SENS-07,2026-06-15 06:45:00,orchid_bark,13.39,64.29,712.0,0.0,75.8,True,soil_temp_c_hard_range_violation;,0 days 00:15:00,0
SENS-07,2026-06-15 07:00:00,orchid_bark,13.31,64.62,744.0,0.0,78.9,True,soil_temp_c_hard_range_violation;,0 days 00:15:00,0
SENS-07,2026-06-15 07:15:00,orchid_bark,13.3,63.63,683.0,0.0,74.6,True,soil_temp_c_hard_range_violation;,0 days 00:15:00,0
SENS-07,2026-06-15 07:30:00,orchid_bark,13.25,64.29,727.0,7.7,68.1,True,soil_temp_c_hard_range_violation;,0 days 00:15:00,0
SENS-07,2026-06-15 07:45:00,orchid_bark,12.99,64.83,700.0,0.0,70.2,True,soil_temp_c_hard_range_violation;,0 days 00:15:00,0
SENS-07,2026-06-15 08:00:00,orchid_bark,13.14,65.77,724.0,16.7,74.8,True,soil_temp_c_hard_range_violation;,0 days 00:15:00,0
SENS-07,2026-06-15 08:15:00,orchid_bark,13.4,66.97,708.0,13.6,71.3,True,soil_temp_c_hard_range_violation;,0 days 00:15:00,0
SENS-07,2026-06-15 08:30:00,orchid_bark,13.31,66.56,701.0,41.5,71.6,True,soil_temp_c_hard_range_violation;,0 days 00:15:00,0
SENS-07,2026-06-15 08:45:00,orchid_bark,13.36,66.2,631.0,67.6,68.7,True,soil_temp_c_hard_range_violation;,0 days 00:15:00,0
SENS-07,2026-06-15 09:00:00,orchid_bark,12.94,65.98,677.0,82.1,74.9,True,soil_temp_c_hard_range_violation;,0 days 00:15:00,0
SENS-07,2026-06-15 09:15:00,orchid_bark,12.93,67.95,776.0,127.7,74.6,True,soil_temp_c_hard_range_violation;,0 days 00:15:00,0
SENS-07,2026-06-15 09:30:00,orchid_bark,13.3,67.66,698.0,112.4,68.6,True,soil_temp_c_hard_range_violation;,0 days 00:15:00,0
SENS-07,2026-06-15 09:45:00,orchid_bark,13.45,65.52,674.0,154.5,67.9,True,soil_temp_c_hard_range_violation;,0 days 00:15:00,0
SENS-07,2026-06-15 10:00:00,orchid_bark,13.46,68.95,705.0,141.9,71.6,True,soil_temp_c_hard_range_violation;,0 days 00:15:00,0
SENS-07,2026-06-15 10:15:00,orchid_bark,13.44,68.88,642.0,154.7,70.0,True,soil_temp_c_hard_range_violation;,0 days 00:15:00,0
SENS-07,2026-06-15 10:30:00,orchid_bark,13.36,67.46,684.0,195.2,61.1,True,soil_temp_c_hard_range_violation;,0 days 00:15:00,0
SENS-07,2026-06-15 10:45:00,orchid_bark,13.43,69.87,711.0,216.9,67.0,True,soil_temp_c_hard_range_violation;,0 days 00:15:00,0
SENS-07,2026-06-15 11:00:00,orchid_bark,13.63,69.89,723.0,238.2,65.5,True,soil_temp_c_hard_range_violation;,0 days 00:15:00,0
SENS-07,2026-06-15 11:15:00,orchid_bark,13.51,69.3,717.0,253.5,63.5,True,soil_temp_c_hard_range_violation;,0 days 00:15:00,0
SENS-07,2026-06-15 11:30:00,orchid_bark,13.64,72.12,764.0,255.5,59.3,True,soil_temp_c_hard_range_violation;,0 days 00:15:00,0
SENS-07,2026-06-15 11:45:00,orchid_bark,13.46,71.38,676.0,270.1,58.2,True,soil_temp_c_hard_range_violation;,0 days 00:15:00,0
SENS-07,2026-06-15 12:00:00,orchid_bark,13.36,71.11,643.0,279.1,50.4,True,soil_temp_c_hard_range_violation;,0 days 00:15:00,0
SENS-07,2026-06-15 12:15:00,orchid_bark,13.13,71.29,689.0,299.2,56.5,True,soil_temp_c_hard_range_violation;,0 days 00:15:00,0
SENS-07,2026-06-15 12:30:00,orchid_bark,13.15,72.1,681.0,285.8,51.4,True,soil_temp_c_hard_range_violation;,0 days 00:15:00,0
SENS-07,2026-06-15 12:45:00,orchid_bark,13.15,72.5,711.0,297.7,54.6,True,soil_temp_c_hard_range_violation;,0 days 00:15:00,0
SENS-07,2026-06-15 13:00:00,orchid_bark,13.22,73.4,692.0,315.9,56.2,True,soil_temp_c_hard_range_violation;,0 days 00:15:00,0
SENS-07,2026-06-15 13:15:00,orchid_bark,13.27,73.17,709.0,322.3,50.3,True,soil_temp_c_hard_range_violation;,0 days 00:15:00,0
SENS-07,2026-06-15 13:30:00,orchid_bark,13.4,73.38,707.0,328.0,56.6,True,soil_temp_c_hard_range_violation;,0 days 00:15:00,0
SENS-07,2026-06-15 13:45:00,orchid_bark,13.8,74.1,738.0,318.8,57.4,True,soil_temp_c_hard_range_violation;,0 days 00:15:00,0
SENS-07,2026-06-15 14:00:00,orchid_bark,13.93,73.98,703.0,316.0,51.1,True,soil_temp_c_hard_range_violation;,0 days 00:15:00,0
SENS-07,2026-06-15 14:15:00,orchid_bark,13.51,74.48,711.0,324.9,51.0,True,soil_temp_c_hard_range_violation;,0 days 00:15:00,0
SENS-07,2026-06-15 14:30:00,orchid_bark,13.45,75.83,774.0,308.5,43.3,True,soil_temp_c_hard_range_violation;,0 days 00:15:00,0
SENS-07,2026-06-15 14:45:00,orchid_bark,13.43,74.73,638.0,327.2,47.6,True,soil_temp_c_hard_range_violation;,0 days 00:15:00,0
SENS-07,2026-06-15 15:00:00,orchid_bark,13.1,75.16,710.0,305.1,41.8,True,soil_temp_c_hard_range_violation;,0 days 00:15:00,0
SENS-07,2026-06-15 15:15:00,orchid_bark,13.25,74.89,698.0,300.8,39.8,True,soil_temp_c_hard_range_violation;,0 days 00:15:00,0
SENS-07,2026-06-15 15:30:00,orchid_bark,13.59,76.42,705.0,301.7,40.2,True,soil_temp_c_hard_range_violation;,0 days 00:15:00,0
SENS-07,2026-06-15 15:45:00,orchid_bark,13.4,74.55,726.0,281.2,42.7,True,soil_temp_c_hard_range_violation;,0 days 00:15:00,0
SENS-07,2026-06-15 16:00:00,orchid_bark,13.64,75.29,670.0,267.9,42.2,True,soil_temp_c_hard_range_violation;,0 days 00:15:00,0
SENS-07,2026-06-15 16:15:00,orchid_bark,13.84,76.5,680.0,275.3,41.2,True,soil_temp_c_hard_range_violation;,0 days 00:15:00,0
SENS-07,2026-06-15 16:30:00,orchid_bark,13.88,75.94,732.0,245.5,37.2,True,soil_temp_c_hard_range_violation;,0 days 00:15:00,0
SENS-07,2026-06-15 16:45:00,orchid_bark,14.02,76.73,697.0,242.7,40.4,True,soil_temp_c_hard_range_violation;,0 days 00:15:00,0
SENS-07,2026-06-15 17:00:00,orchid_bark,13.85,75.96,665.0,226.4,37.3,True,soil_temp_c_hard_range_violation;,0 days 00:15:00,0
SENS-07,2026-06-15 17:15:00,orchid_bark,14.06,75.6,734.0,195.8,39.2,True,soil_temp_c_hard_range_violation;,0 days 00:15:00,0
SENS-07,2026-06-15 17:30:00,orchid_bark,14.29,75.96,728.0,186.4,37.7,True,soil_temp_c_hard_range_violation;,0 days 00:15:00,0
SENS-07,2026-06-15 17:45:00,orchid_bark,14.36,75.06,709.0,180.6,32.5,True,soil_temp_c_hard_range_violation;,0 days 00:15:00,0
SENS-07,2026-06-15 18:00:00,orchid_bark,14.4,75.29,719.0,169.9,35.6,True,soil_temp_c_hard_range_violation;,0 days 00:15:00,0
SENS-07,2026-06-15 18:15:00,orchid_bark,14.22,76.42,725.0,135.4,39.0,True,soil_temp_c_hard_range_violation;,0 days 00:15:00,0
SENS-07,2026-06-15 18:30:00,orchid_bark,14.38,75.43,699.0,115.4,39.7,True,soil_temp_c_hard_range_violation;,0 days 00:15:00,0
SENS-07,2026-06-15 18:45:00,orchid_bark,14.36,75.43,715.0,107.9,33.3,True,soil_temp_c_hard_range_violation;,0 days 00:15:00,0
SENS-07,2026-06-15 19:00:00,orchid_bark,14.31,75.34,655.0,89.2,34.7,True,soil_temp_c_hard_range_violation;,0 days 00:15:00,0
SENS-07,2026-06-15 19:15:00,orchid_bark,14.47,73.9,694.0,69.9,35.7,True,soil_temp_c_hard_range_violation;,0 days 00:15:00,0
SENS-07,2026-06-15 19:30:00,orchid_bark,14.39,73.67,741.0,43.5,40.7,True,soil_temp_c_hard_range_violation;,0 days 00:15:00,0
SENS-07,2026-06-15 19:45:00,orchid_bark,14.22,74.8,791.0,16.7,38.8,True,soil_temp_c_hard_range_violation;,0 days 00:15:00,0
SENS-07,2026-06-15 20:00:00,orchid_bark,14.42,73.96,708.0,6.3,33.8,True,soil_temp_c_hard_range_violation;,0 days 00:15:00,0
SENS-07,2026-06-15 20:15:00,orchid_bark,14.09,73.8,667.0,0.0,39.4,True,soil_temp_c_hard_range_violation;,0 days 00:15:00,0
SENS-07,2026-06-15 20:30:00,orchid_bark,14.22,74.08,688.0,5.4,42.2,True,soil_temp_c_hard_range_violation;,0 days 00:15:00,0
SENS-07,2026-06-15 20:45:00,orchid_bark,13.95,72.63,645.0,0.0,39.5,True,soil_temp_c_hard_range_violation;,0 days 00:15:00,0
SENS-07,2026-06-15 21:00:00,orchid_bark,13.56,72.54,730.0,0.0,37.1,True,soil_temp_c_hard_range_violation;,0 days 00:15:00,0
SENS-07,2026-06-15 21:15:00,orchid_bark,13.68,72.34,705.0,4.3,42.6,True,soil_temp_c_hard_range_violation;,0 days 00:15:00,0
SENS-07,2026-06-15 21:30:00,orchid_bark,13.73,72.45,664.0,0.0,41.3,True,soil_temp_c_hard_range_violation;,0 days 00:15:00,0
SENS-07,2026-06-15 21:45:00,orchid_bark,13.58,71.56,695.0,10.7,40.7,True,soil_temp_c_hard_range_violation;,0 days 00:15:00,0
SENS-07,2026-06-15 22:00:00,orchid_bark,13.34,70.97,731.0,0.0,45.0,True,soil_temp_c_hard_range_violation;,0 days 00:15:00,0
SENS-07,2026-06-15 22:15:00,orchid_bark,13.39,72.25,705.0,0.0,43.1,True,soil_temp_c_hard_range_violation;,0 days 00:15:00,0
SENS-07,2026-06-15 22:30:00,orchid_bark,13.28,70.65,675.0,1.4,44.3,True,soil_temp_c_hard_range_violation;,0 days 00:15:00,0
SENS-07,2026-06-15 22:45:00,orchid_bark,13.43,70.68,744.0,0.0,47.6,True,soil_temp_c_hard_range_violation;,0 days 00:15:00,0
SENS-07,2026-06-15 23:00:00,orchid_bark,13.3,68.5,716.0,0.0,44.5,True,soil_temp_c_hard_range_violation;,0 days 00:15:00,0
SENS-07,2026-06-15 23:15:00,orchid_bark,13.2,68.47,672.0,0.0,43.6,True,soil_temp_c_hard_range_violation;,0 days 00:15:00,0
SENS-07,2026-06-15 23:30:00,orchid_bark,13.41,69.4,704.0,0.0,49.1,True,soil_temp_c_hard_range_violation;,0 days 00:15:00,0
SENS-07,2026-06-15 23:45:00,orchid_bark,13.19,68.4,618.0,0.0,53.9,True,soil_temp_c_hard_range_violation;,0 days 00:15:00,0
SENS-07,2026-06-16 00:00:00,orchid_bark,12.88,67.89,713.0,0.0,43.5,True,soil_temp_c_hard_range_violation;,0 days 00:15:00,0
SENS-07,2026-06-16 00:15:00,orchid_bark,12.69,67.08,814.0,0.0,53.7,True,soil_temp_c_hard_range_violation;,0 days 00:15:00,0
SENS-07,2026-06-16 00:30:00,orchid_bark,12.73,68.09,746.0,0.0,52.8,True,soil_temp_c_hard_range_violation;,0 days 00:15:00,0
SENS-07,2026-06-16 00:45:00,orchid_bark,13.1,67.48,696.0,0.0,52.2,True,soil_temp_c_hard_range_violation;,0 days 00:15:00,0
SENS-07,2026-06-16 01:00:00,orchid_bark,13.12,66.6,712.0,0.0,53.1,True,soil_temp_c_hard_range_violation;,0 days 00:15:00,0
SENS-07,2026-06-16 01:15:00,orchid_bark,12.94,66.47,724.0,0.0,58.9,True,soil_temp_c_hard_range_violation;,0 days 00:15:00,0
SENS-07,2026-06-16 01:30:00,orchid_bark,12.76,65.75,727.0,0.0,59.4,True,soil_temp_c_hard_range_violation;,0 days 00:15:00,0
SENS-07,2026-06-16 01:45:00,orchid_bark,12.84,65.16,698.0,0.0,55.4,True,soil_temp_c_hard_range_violation;,0 days 00:15:00,0
SENS-07,2026-06-16 02:00:00,orchid_bark,27.72,64.98,615.0,0.0,60.6,True,soil_temp_c_hard_range_violation;,0 days 00:15:00,0
SENS-07,2026-06-16 02:15:00,orchid_bark,27.6,65.61,688.0,0.0,64.9,True,soil_temp_c_hard_range_violation;,0 days 00:15:00,0
SENS-07,2026-06-16 02:30:00,orchid_bark,27.61,64.53,679.0,0.0,64.0,True,soil_temp_c_hard_range_violation;,0 days 00:15:00,0
SENS-07,2026-06-16 02:45:00,orchid_bark,27.63,64.6,698.0,0.0,58.0,True,soil_temp_c_hard_range_violation;,0 days 00:15:00,0
SENS-07,2026-06-16 03:00:00,orchid_bark,27.54,64.04,672.0,0.0,65.9,True,soil_temp_c_hard_range_violation;,0 days 00:15:00,0
SENS-07,2026-06-16 03:15:00,orchid_bark,27.62,64.83,727.0,0.0,61.3,True,soil_temp_c_hard_range_violation;,0 days 00:15:00,0
SENS-07,2026-06-16 03:30:00,orchid_bark,27.42,63.52,783.0,0.0,66.6,True,soil_temp_c_hard_range_violation;,0 days 00:15:00,0
SENS-07,2026-06-16 03:45:00,orchid_bark,27.18,64.94,741.0,0.0,64.6,True,soil_temp_c_hard_range_violation;,0 days 00:15:00,0
SENS-07,2026-06-16 04:00:00,orchid_bark,27.02,63.3,700.0,0.0,68.9,True,soil_temp_c_hard_range_violation;,0 days 00:15:00,0
SENS-07,2026-06-16 04:15:00,orchid_bark,26.92,63.21,763.0,0.0,66.5,True,soil_temp_c_hard_range_violation;,0 days 00:15:00,0
SENS-07,2026-06-16 04:30:00,orchid_bark,27.54,64.99,740.0,0.0,66.1,True,soil_temp_c_hard_range_violation;,0 days 00:15:00,0
SENS-07,2026-06-16 04:45:00,orchid_bark,27.34,62.74,732.0,0.0,70.9,True,soil_temp_c_hard_range_violation;,0 days 00:15:00,0
SENS-07,2026-06-16 05:00:00,orchid_bark,27.22,63.48,679.0,0.0,70.9,True,soil_temp_c_hard_range_violation;,0 days 00:15:00,0
SENS-07,2026-06-16 05:15:00,orchid_bark,27.41,64.24,697.0,0.0,73.6,True,soil_temp_c_hard_range_violation;,0 days 00:15:00,0
SENS-07,2026-06-16 05:30:00,orchid_bark,27.36,62.44,726.0,0.0,70.0,True,soil_temp_c_hard_range_violation;,0 days 00:15:00,0
SENS-07,2026-06-16 05:45:00,orchid_bark,26.87,63.81,789.0,0.0,67.5,True,soil_temp_c_hard_range_violation;,0 days 00:15:00,0
SENS-07,2026-06-16 06:00:00,orchid_bark,27.06,62.6,760.0,0.0,74.4,True,soil_temp_c_hard_range_violation;,0 days 00:15:00,0
SENS-07,2026-06-16 06:15:00,orchid_bark,26.96,63.86,726.0,0.0,77.0,True,soil_temp_c_hard_range_violation;,0 days 00:15:00,0
SENS-07,2026-06-16 06:30:00,orchid_bark,26.24,65.44,709.0,0.0,71.1,True,soil_temp_c_hard_range_violation;,0 days 00:15:00,0
SENS-07,2026-06-16 06:45:00,orchid_bark,26.01,62.46,733.0,0.0,74.4,True,soil_temp_c_hard_range_violation;,0 days 00:15:00,0
SENS-07,2026-06-16 07:00:00,orchid_bark,25.72,64.29,724.0,0.0,72.1,True,soil_temp_c_hard_range_violation;,0 days 00:15:00,0
SENS-07,2026-06-16 07:15:00,orchid_bark,25.49,64.24,764.0,0.0,78.8,True,soil_temp_c_hard_range_violation;,0 days 00:15:00,0
SENS-07,2026-06-16 07:30:00,orchid_bark,25.34,64.08,659.0,11.5,71.3,True,soil_temp_c_hard_range_violation;,0 days 00:15:00,0
SENS-07,2026-06-16 07:45:00,orchid_bark,25.35,63.97,704.0,0.0,72.5,True,soil_temp_c_hard_range_violation;,0 days 00:15:00,0
SENS-07,2026-06-16 08:00:00,orchid_bark,25.46,66.13,733.0,6.7,66.3,True,soil_temp_c_hard_range_violation;,0 days 00:15:00,0
SENS-07,2026-06-16 08:15:00,orchid_bark,25.58,65.79,759.0,32.6,76.8,True,soil_temp_c_hard_range_violation;,0 days 00:15:00,0
SENS-07,2026-06-16 08:30:00,orchid_bark,25.76,64.63,780.0,35.8,70.0,True,soil_temp_c_hard_range_violation;,0 days 00:15:00,0
SENS-07,2026-06-16 08:45:00,orchid_bark,25.58,65.62,644.0,63.0,75.0,True,soil_temp_c_hard_range_violation;,0 days 00:15:00,0
SENS-07,2026-06-16 09:00:00,orchid_bark,25.02,66.25,674.0,83.1,68.6,True,soil_temp_c_hard_range_violation;,0 days 00:15:00,0
SENS-07,2026-06-16 09:15:00,orchid_bark,24.39,65.88,700.0,120.5,69.7,True,soil_temp_c_hard_range_violation;,0 days 00:15:00,0
SENS-07,2026-06-16 09:30:00,orchid_bark,24.41,67.46,653.0,132.6,66.9,True,soil_temp_c_hard_range_violation;,0 days 00:15:00,0
SENS-07,2026-06-16 09:45:00,orchid_bark,24.27,67.96,769.0,133.0,65.7,True,soil_temp_c_hard_range_violation;,0 days 00:15:00,0
SENS-07,2026-06-16 10:00:00,orchid_bark,24.44,68.34,707.0,155.1,66.8,True,soil_temp_c_hard_range_violation;,0 days 00:15:00,0
SENS-07,2026-06-16 10:15:00,orchid_bark,24.41,70.03,749.0,174.1,66.5,True,soil_temp_c_hard_range_violation;,0 days 00:15:00,0
SENS-07,2026-06-16 10:30:00,orchid_bark,23.93,68.31,695.0,188.3,64.9,True,soil_temp_c_hard_range_violation;,0 days 00:15:00,0
SENS-07,2026-06-16 10:45:00,orchid_bark,23.68,69.04,719.0,208.5,60.4,True,soil_temp_c_hard_range_violation;,0 days 00:15:00,0
SENS-07,2026-06-16 11:00:00,orchid_bark,23.65,69.42,648.0,222.0,64.9,True,soil_temp_c_hard_range_violation;,0 days 00:15:00,0
SENS-07,2026-06-16 11:15:00,orchid_bark,23.3,70.83,660.0,240.9,57.1,True,soil_temp_c_hard_range_violation;,0 days 00:15:00,0
SENS-07,2026-06-16 11:30:00,orchid_bark,23.49,71.15,661.0,253.0,60.9,True,soil_temp_c_hard_range_violation;,0 days 00:15:00,0
SENS-07,2026-06-16 11:45:00,orchid_bark,23.28,70.21,634.0,275.3,56.0,True,soil_temp_c_hard_range_violation;,0 days 00:15:00,0
SENS-07,2026-06-16 12:00:00,orchid_bark,23.1,72.46,744.0,271.0,62.4,True,soil_temp_c_hard_range_violation;,0 days 00:15:00,0
SENS-07,2026-06-16 12:15:00,orchid_bark,22.66,71.17,702.0,273.6,62.2,True,soil_temp_c_hard_range_violation;,0 days 00:15:00,0
SENS-07,2026-06-16 12:30:00,orchid_bark,22.96,72.82,745.0,291.7,59.1,True,soil_temp_c_hard_range_violation;,0 days 00:15:00,0
SENS-07,2026-06-16 12:45:00,orchid_bark,22.81,73.17,698.0,298.1,54.7,True,soil_temp_c_hard_range_violation;,0 days 00:15:00,0
SENS-07,2026-06-16 13:00:00,orchid_bark,22.75,73.24,748.0,320.9,52.8,True,soil_temp_c_hard_range_violation;,0 days 00:15:00,0
SENS-07,2026-06-16 13:15:00,orchid_bark,22.49,73.06,741.0,320.6,53.1,True,soil_temp_c_hard_range_violation;,0 days 00:15:00,0
SENS-07,2026-06-16 13:30:00,orchid_bark,22.3,73.42,698.0,327.6,52.5,True,soil_temp_c_hard_range_violation;,0 days 00:15:00,0
SENS-07,2026-06-16 13:45:00,orchid_bark,22.26,74.3,710.0,327.0,52.9,True,soil_temp_c_hard_range_violation;,0 days 00:15:00,0
SENS-07,2026-06-16 14:00:00,orchid_bark,22.24,74.64,717.0,304.2,51.5,True,soil_temp_c_hard_range_violation;,0 days 00:15:00,0
SENS-07,2026-06-16 14:15:00,orchid_bark,22.25,75.06,747.0,312.5,43.1,True,soil_temp_c_hard_range_violation;,0 days 00:15:00,0
SENS-07,2026-06-16 14:30:00,orchid_bark,22.34,75.31,701.0,305.3,50.1,True,soil_temp_c_hard_range_violation;,0 days 00:15:00,0
SENS-07,2026-06-16 14:45:00,orchid_bark,22.37,75.29,717.0,326.4,48.2,True,soil_temp_c_hard_range_violation;,0 days 00:15:00,0
SENS-07,2026-06-16 15:00:00,orchid_bark,22.37,76.28,643.0,315.8,43.7,True,soil_temp_c_hard_range_violation;,0 days 00:15:00,0
SENS-07,2026-06-16 15:15:00,orchid_bark,22.14,75.02,667.0,306.2,42.1,True,soil_temp_c_hard_range_violation;,0 days 00:15:00,0
SENS-07,2026-06-16 15:30:00,orchid_bark,21.99,75.65,673.0,291.1,44.2,True,soil_temp_c_hard_range_violation;,0 days 00:15:00,0
SENS-07,2026-06-16 15:45:00,orchid_bark,21.64,75.36,723.0,283.4,43.7,True,soil_temp_c_hard_range_violation;,0 days 00:15:00,0
SENS-07,2026-06-16 16:00:00,orchid_bark,21.44,77.65,674.0,270.2,39.0,True,soil_temp_c_hard_range_violation;,0 days 00:15:00,0
SENS-07,2026-06-16 16:15:00,orchid_bark,21.42,76.53,707.0,271.3,41.6,True,soil_temp_c_hard_range_violation;,0 days 00:15:00,0
SENS-07,2026-06-16 16:30:00,orchid_bark,21.41,76.78,696.0,254.7,41.3,True,soil_temp_c_hard_range_violation;,0 days 00:15:00,0
SENS-07,2026-06-16 16:45:00,orchid_bark,21.44,76.41,703.0,246.1,42.6,True,soil_temp_c_hard_range_violation;,0 days 00:15:00,0
SENS-07,2026-06-16 17:00:00,orchid_bark,21.64,76.06,737.0,229.6,39.1,True,soil_temp_c_hard_range_violation;,0 days 00:15:00,0
SENS-07,2026-06-16 17:15:00,orchid_bark,21.28,78.01,709.0,217.6,32.8,True,soil_temp_c_hard_range_violation;,0 days 00:15:00,0
SENS-07,2026-06-16 17:30:00,orchid_bark,20.81,76.93,692.0,198.9,39.1,True,soil_temp_c_hard_range_violation;,0 days 00:15:00,0
SENS-07,2026-06-16 17:45:00,orchid_bark,20.66,75.74,719.0,186.6,32.9,True,soil_temp_c_hard_range_violation;,0 days 00:15:00,0
SENS-07,2026-06-16 18:00:00,orchid_bark,20.87,75.69,767.0,165.9,35.1,True,soil_temp_c_hard_range_violation;,0 days 00:15:00,0
SENS-07,2026-06-16 18:15:00,orchid_bark,21.06,75.92,704.0,137.4,33.3,True,soil_temp_c_hard_range_violation;,0 days 00:15:00,0
SENS-07,2026-06-16 18:30:00,orchid_bark,21.01,75.24,651.0,126.4,38.6,True,soil_temp_c_hard_range_violation;,0 days 00:15:00,0
SENS-07,2026-06-16 18:45:00,orchid_bark,20.86,75.2,647.0,105.3,33.8,True,soil_temp_c_hard_range_violation;,0 days 00:15:00,0
SENS-07,2026-06-16 19:00:00,orchid_bark,20.82,74.16,689.0,81.3,40.0,True,soil_temp_c_hard_range_violation;,0 days 00:15:00,0
SENS-07,2026-06-16 19:15:00,orchid_bark,20.95,73.31,654.0,62.3,33.6,True,soil_temp_c_hard_range_violation;,0 days 00:15:00,0
SENS-07,2026-06-16 19:30:00,orchid_bark,20.7,76.23,604.0,49.8,31.1,True,soil_temp_c_hard_range_violation;,0 days 00:15:00,0
SENS-07,2026-06-16 19:45:00,orchid_bark,20.5,74.17,688.0,25.3,36.3,True,soil_temp_c_hard_range_violation;,0 days 00:15:00,0
SENS-07,2026-06-16 20:00:00,orchid_bark,20.43,74.03,715.0,7.4,33.6,True,soil_temp_c_hard_range_violation;,0 days 00:15:00,0
SENS-07,2026-06-16 20:15:00,orchid_bark,20.57,74.01,755.0,0.3,41.9,True,soil_temp_c_hard_range_violation;,0 days 00:15:00,0
SENS-07,2026-06-16 20:30:00,orchid_bark,20.65,74.14,699.0,9.2,36.3,True,soil_temp_c_hard_range_violation;,0 days 00:15:00,0
SENS-07,2026-06-16 20:45:00,orchid_bark,20.16,73.85,712.0,6.2,42.3,True,soil_temp_c_hard_range_violation;,0 days 00:15:00,0
SENS-07,2026-06-16 21:00:00,orchid_bark,20.24,73.69,721.0,0.0,38.5,True,soil_temp_c_hard_range_violation;,0 days 00:15:00,0
SENS-07,2026-06-16 21:15:00,orchid_bark,20.16,73.0,703.0,0.0,41.1,True,soil_temp_c_hard_range_violation;,0 days 00:15:00,0
SENS-07,2026-06-16 21:30:00,orchid_bark,20.2,72.01,673.0,0.0,39.1,True,soil_temp_c_hard_range_violation;,0 days 00:15:00,0
SENS-07,2026-06-16 21:45:00,orchid_bark,20.07,72.73,787.0,0.0,48.6,True,soil_temp_c_hard_range_violation;,0 days 00:15:00,0
SENS-07,2026-06-16 22:00:00,orchid_bark,20.09,71.29,660.0,21.4,38.8,True,soil_temp_c_hard_range_violation;,0 days 00:15:00,0
SENS-07,2026-06-16 22:15:00,orchid_bark,20.01,71.78,717.0,13.3,34.0,True,soil_temp_c_hard_range_violation;,0 days 00:15:00,0
SENS-07,2026-06-16 22:30:00,orchid_bark,19.82,69.51,669.0,9.2,44.8,True,soil_temp_c_hard_range_violation;,0 days 00:15:00,0
SENS-07,2026-06-16 22:45:00,orchid_bark,19.59,71.15,705.0,0.0,41.9,True,soil_temp_c_hard_range_violation;,0 days 00:15:00,0
SENS-07,2026-06-16 23:00:00,orchid_bark,19.47,69.15,716.0,0.0,46.6,True,soil_temp_c_hard_range_violation;,0 days 00:15:00,0
SENS-07,2026-06-16 23:15:00,orchid_bark,19.13,68.34,692.0,0.0,46.8,True,soil_temp_c_hard_range_violation;,0 days 00:15:00,0
SENS-07,2026-06-16 23:30:00,orchid_bark,18.97,68.04,651.0,0.0,46.5,True,soil_temp_c_hard_range_violation;,0 days 00:15:00,0
SENS-07,2026-06-16 23:45:00,orchid_bark,18.84,68.72,686.0,0.0,48.0,True,soil_temp_c_hard_range_violation;,0 days 00:15:00,0
SENS-07,2026-06-17 00:00:00,orchid_bark,18.97,69.82,745.0,0.0,51.6,True,soil_temp_c_hard_range_violation;,0 days 00:15:00,0
SENS-07,2026-06-17 00:15:00,orchid_bark,19.03,67.64,640.0,0.0,50.4,True,soil_temp_c_hard_range_violation;,0 days 00:15:00,0
SENS-07,2026-06-17 00:30:00,orchid_bark,19.36,67.32,765.0,0.0,52.2,True,soil_temp_c_hard_range_violation;,0 days 00:15:00,0
SENS-07,2026-06-17 00:45:00,orchid_bark,18.95,67.57,704.0,0.0,52.3,True,soil_temp_c_hard_range_violation;,0 days 00:15:00,0
SENS-07,2026-06-17 01:00:00,orchid_bark,18.83,66.24,729.0,0.0,59.9,True,soil_temp_c_hard_range_violation;,0 days 00:15:00,0
SENS-07,2026-06-17 01:15:00,orchid_bark,19.0,66.2,658.0,0.0,60.1,True,soil_temp_c_hard_range_violation;,0 days 00:15:00,0
SENS-07,2026-06-17 01:30:00,orchid_bark,18.99,65.71,694.0,0.0,52.9,True,soil_temp_c_hard_range_violation;,0 days 00:15:00,0
SENS-07,2026-06-17 01:45:00,orchid_bark,18.87,67.06,673.0,0.0,58.5,True,soil_temp_c_hard_range_violation;,0 days 00:15:00,0
SENS-07,2026-06-17 02:00:00,orchid_bark,18.61,65.41,712.0,0.0,57.2,True,soil_temp_c_hard_range_violation;,0 days 00:15:00,0
SENS-07,2026-06-17 02:15:00,orchid_bark,18.68,65.61,656.0,0.0,57.1,True,soil_temp_c_hard_range_violation;,0 days 00:15:00,0
SENS-07,2026-06-17 02:30:00,orchid_bark,18.65,64.29,675.0,0.0,52.3,True,soil_temp_c_hard_range_violation;,0 days 00:15:00,0
SENS-07,2026-06-17 02:45:00,orchid_bark,18.51,63.73,783.0,0.0,62.0,True,soil_temp_c_hard_range_violation;,0 days 00:15:00,0
SENS-07,2026-06-17 03:00:00,orchid_bark,18.65,64.81,726.0,0.0,63.3,True,soil_temp_c_hard_range_violation;,0 days 00:15:00,0
SENS-07,2026-06-17 03:15:00,orchid_bark,19.03,64.33,715.0,0.0,69.1,True,soil_temp_c_hard_range_violation;,0 days 00:15:00,0
SENS-07,2026-06-17 03:30:00,orchid_bark,18.78,64.72,715.0,0.0,69.1,True,soil_temp_c_hard_range_violation;,0 days 00:15:00,0
SENS-07,2026-06-17 03:45:00,orchid_bark,18.82,63.19,758.0,0.0,68.3,True,soil_temp_c_hard_range_violation;,0 days 00:15:00,0
SENS-07,2026-06-17 04:00:00,orchid_bark,18.78,63.64,695.0,0.0,69.9,True,soil_temp_c_hard_range_violation;,0 days 00:15:00,0
SENS-07,2026-06-17 04:15:00,orchid_bark,18.84,62.69,737.0,0.0,71.1,True,soil_temp_c_hard_range_violation;,0 days 00:15:00,0
SENS-07,2026-06-17 04:30:00,orchid_bark,19.03,63.19,606.0,0.0,70.7,True,soil_temp_c_hard_range_violation;,0 days 00:15:00,0
SENS-07,2026-06-17 04:45:00,orchid_bark,19.24,62.47,695.0,0.0,74.1,True,soil_temp_c_hard_range_violation;,0 days 00:15:00,0
SENS-07,2026-06-17 05:00:00,orchid_bark,19.07,63.3,688.0,0.0,66.8,True,soil_temp_c_hard_range_violation;,0 days 00:15:00,0
SENS-07,2026-06-17 05:15:00,orchid_bark,18.66,64.45,679.0,0.0,69.7,True,soil_temp_c_hard_range_violation;,0 days 00:15:00,0
SENS-07,2026-06-17 05:30:00,orchid_bark,18.58,62.94,730.0,0.0,69.7,True,soil_temp_c_hard_range_violation;,0 days 00:15:00,0
SENS-07,2026-06-17 05:45:00,orchid_bark,18.49,63.0,695.0,0.0,70.4,True,soil_temp_c_hard_range_violation;,0 days 00:15:00,0
SENS-07,2026-06-17 06:00:00,orchid_bark,17.87,63.59,694.0,0.0,71.9,True,soil_temp_c_hard_range_violation;,0 days 00:15:00,0
SENS-07,2026-06-17 06:15:00,orchid_bark,18.01,63.7,669.0,0.0,77.6,True,soil_temp_c_hard_range_violation;,0 days 00:15:00,0
SENS-07,2026-06-17 06:30:00,orchid_bark,17.85,64.53,684.0,0.0,75.5,True,soil_temp_c_hard_range_violation;,0 days 00:15:00,0
SENS-07,2026-06-17 06:45:00,orchid_bark,17.78,63.21,620.0,0.0,76.6,True,soil_temp_c_hard_range_violation;,0 days 00:15:00,0
SENS-07,2026-06-17 07:00:00,orchid_bark,17.6,62.55,687.0,0.0,72.8,True,soil_temp_c_hard_range_violation;,0 days 00:15:00,0
SENS-07,2026-06-17 07:15:00,orchid_bark,17.5,64.62,643.0,0.0,72.6,True,soil_temp_c_hard_range_violation;,0 days 00:15:00,0
SENS-07,2026-06-17 07:30:00,orchid_bark,17.7,66.02,762.0,0.0,74.6,True,soil_temp_c_hard_range_violation;,0 days 00:15:00,0
SENS-07,2026-06-17 07:45:00,orchid_bark,17.66,64.92,729.0,0.0,74.0,True,soil_temp_c_hard_range_violation;,0 days 00:15:00,0
SENS-07,2026-06-17 08:00:00,orchid_bark,18.02,65.62,737.0,14.6,73.7,True,soil_temp_c_hard_range_violation;,0 days 00:15:00,0
SENS-07,2026-06-17 08:15:00,orchid_bark,18.09,65.59,647.0,19.4,79.0,True,soil_temp_c_hard_range_violation;,0 days 00:15:00,0
SENS-07,2026-06-17 08:30:00,orchid_bark,18.17,66.51,734.0,54.4,73.4,True,soil_temp_c_hard_range_violation;,0 days 00:15:00,0
SENS-07,2026-06-17 08:45:00,orchid_bark,18.06,66.09,673.0,58.7,68.8,True,soil_temp_c_hard_range_violation;,0 days 00:15:00,0
SENS-07,2026-06-17 09:00:00,orchid_bark,17.99,66.6,711.0,71.7,68.5,True,soil_temp_c_hard_range_violation;,0 days 00:15:00,0
SENS-07,2026-06-17 09:15:00,orchid_bark,18.13,68.2,693.0,108.5,72.5,True,soil_temp_c_hard_range_violation;,0 days 00:15:00,0
SENS-07,2026-06-17 09:30:00,orchid_bark,18.3,68.22,645.0,117.3,71.6,True,soil_temp_c_hard_range_violation;,0 days 00:15:00,0
SENS-07,2026-06-17 09:45:00,orchid_bark,18.29,67.28,658.0,144.0,71.5,True,soil_temp_c_hard_range_violation;,0 days 00:15:00,0
SENS-07,2026-06-17 10:00:00,orchid_bark,18.34,67.69,726.0,161.6,69.3,True,soil_temp_c_hard_range_violation;,0 days 00:15:00,0
SENS-07,2026-06-17 10:15:00,orchid_bark,18.24,68.14,725.0,179.3,63.7,True,soil_temp_c_hard_range_violation;,0 days 00:15:00,0
SENS-07,2026-06-17 10:30:00,orchid_bark,18.22,68.16,645.0,208.0,70.6,True,soil_temp_c_hard_range_violation;,0 days 00:15:00,0
SENS-07,2026-06-17 10:45:00,orchid_bark,18.18,68.99,745.0,213.0,69.0,True,soil_temp_c_hard_range_violation;,0 days 00:15:00,0
SENS-07,2026-06-17 11:00:00,orchid_bark,18.12,69.71,685.0,227.2,62.8,True,soil_temp_c_hard_range_violation;,0 days 00:15:00,0
SENS-07,2026-06-17 11:15:00,orchid_bark,18.26,69.66,649.0,237.8,64.1,True,soil_temp_c_hard_range_violation;,0 days 00:15:00,0
SENS-07,2026-06-17 11:30:00,orchid_bark,18.18,70.99,678.0,258.2,62.4,True,soil_temp_c_hard_range_violation;,0 days 00:15:00,0
SENS-07,2026-06-17 11:45:00,orchid_bark,17.99,69.82,646.0,269.6,59.7,True,soil_temp_c_hard_range_violation;,0 days 00:15:00,0
SENS-07,2026-06-17 12:00:00,orchid_bark,17.88,70.57,671.0,273.9,56.2,True,soil_temp_c_hard_range_violation;,0 days 00:15:00,0
SENS-07,2026-06-17 12:15:00,orchid_bark,17.76,72.3,681.0,294.5,60.2,True,soil_temp_c_hard_range_violation;,0 days 00:15:00,0
SENS-07,2026-06-17 12:30:00,orchid_bark,17.79,73.58,721.0,294.0,52.9,True,soil_temp_c_hard_range_violation;,0 days 00:15:00,0
SENS-07,2026-06-17 12:45:00,orchid_bark,17.62,72.77,733.0,307.7,54.4,True,soil_temp_c_hard_range_violation;,0 days 00:15:00,0
SENS-07,2026-06-17 13:00:00,orchid_bark,17.78,72.36,743.0,298.5,60.1,True,soil_temp_c_hard_range_violation;,0 days 00:15:00,0
SENS-07,2026-06-17 13:15:00,orchid_bark,17.67,72.5,731.0,321.2,55.1,True,soil_temp_c_hard_range_violation;,0 days 00:15:00,0
SENS-07,2026-06-17 13:30:00,orchid_bark,17.92,73.36,624.0,311.5,53.8,True,soil_temp_c_hard_range_violation;,0 days 00:15:00,0
SENS-07,2026-06-17 13:45:00,orchid_bark,17.87,74.86,642.0,324.7,50.6,True,soil_temp_c_hard_range_violation;,0 days 00:15:00,0
SENS-07,2026-06-17 14:00:00,orchid_bark,17.91,74.62,744.0,330.2,45.7,True,soil_temp_c_hard_range_violation;,0 days 00:15:00,0
SENS-07,2026-06-17 14:15:00,orchid_bark,18.05,73.65,681.0,322.6,50.5,True,soil_temp_c_hard_range_violation;,0 days 00:15:00,0
SENS-07,2026-06-17 14:30:00,orchid_bark,18.23,75.06,694.0,326.5,49.6,True,soil_temp_c_hard_range_violation;,0 days 00:15:00,0
SENS-07,2026-06-17 14:45:00,orchid_bark,18.29,76.06,725.0,305.2,49.4,True,soil_temp_c_hard_range_violation;,0 days 00:15:00,0
SENS-07,2026-06-17 15:00:00,orchid_bark,18.75,76.1,752.0,308.4,44.8,True,soil_temp_c_hard_range_violation;,0 days 00:15:00,0
SENS-07,2026-06-17 15:15:00,orchid_bark,18.68,76.41,719.0,297.8,43.8,True,soil_temp_c_hard_range_violation;,0 days 00:15:00,0
SENS-07,2026-06-17 15:30:00,orchid_bark,18.31,76.19,666.0,290.4,45.7,True,soil_temp_c_hard_range_violation;,0 days 00:15:00,0
SENS-07,2026-06-17 15:45:00,orchid_bark,18.24,74.84,651.0,274.4,39.4,True,soil_temp_c_hard_range_violation;,0 days 00:15:00,0
SENS-07,2026-06-17 16:00:00,orchid_bark,18.33,75.31,657.0,277.8,44.7,True,soil_temp_c_hard_range_violation;,0 days 00:15:00,0
SENS-07,2026-06-17 16:15:00,orchid_bark,18.36,77.23,749.0,273.6,41.0,True,soil_temp_c_hard_range_violation;,0 days 00:15:00,0
SENS-07,2026-06-17 16:30:00,orchid_bark,18.09,75.79,734.0,264.0,41.6,True,soil_temp_c_hard_range_violation;,0 days 00:15:00,0
SENS-07,2026-06-17 16:45:00,orchid_bark,17.96,74.71,702.0,232.1,47.0,True,soil_temp_c_hard_range_violation;,0 days 00:15:00,0
SENS-07,2026-06-17 17:00:00,orchid_bark,17.73,76.53,643.0,222.4,38.6,True,soil_temp_c_hard_range_violation;,0 days 00:15:00,0
SENS-07,2026-06-17 17:15:00,orchid_bark,17.54,76.86,736.0,205.1,39.3,True,soil_temp_c_hard_range_violation;,0 days 00:15:00,0
SENS-07,2026-06-17 17:30:00,orchid_bark,17.47,75.99,708.0,188.3,38.5,True,soil_temp_c_hard_range_violation;,0 days 00:15:00,0
SENS-07,2026-06-17 17:45:00,orchid_bark,17.5,76.37,669.0,175.4,32.0,True,soil_temp_c_hard_range_violation;,0 days 00:15:00,0
SENS-07,2026-06-17 18:00:00,orchid_bark,17.3,75.29,698.0,160.2,39.4,True,soil_temp_c_hard_range_violation;,0 days 00:15:00,0
SENS-07,2026-06-17 18:15:00,orchid_bark,17.12,75.43,720.0,139.2,30.3,True,soil_temp_c_hard_range_violation;,0 days 00:15:00,0
SENS-07,2026-06-17 18:30:00,orchid_bark,17.21,74.32,682.0,111.3,39.4,True,soil_temp_c_hard_range_violation;,0 days 00:15:00,0
SENS-07,2026-06-17 18:45:00,orchid_bark,16.98,74.68,659.0,110.6,35.0,True,soil_temp_c_hard_range_violation;,0 days 00:15:00,0
SENS-07,2026-06-17 19:00:00,orchid_bark,16.75,76.3,708.0,84.2,34.8,True,soil_temp_c_hard_range_violation;,0 days 00:15:00,0
SENS-07,2026-06-17 19:15:00,orchid_bark,17.14,72.64,710.0,65.6,36.9,True,soil_temp_c_hard_range_violation;,0 days 00:15:00,0
SENS-07,2026-06-17 19:30:00,orchid_bark,16.98,74.52,624.0,45.4,33.2,True,soil_temp_c_hard_range_violation;,0 days 00:15:00,0
SENS-07,2026-06-17 19:45:00,orchid_bark,16.57,74.16,697.0,25.9,37.0,True,soil_temp_c_hard_range_violation;,0 days 00:15:00,0
SENS-07,2026-06-17 20:00:00,orchid_bark,16.27,74.68,666.0,1.2,34.3,True,soil_temp_c_hard_range_violation;,0 days 00:15:00,0
SENS-07,2026-06-17 20:15:00,orchid_bark,15.83,72.41,719.0,0.0,34.1,True,soil_temp_c_hard_range_violation;,0 days 00:15:00,0
SENS-07,2026-06-17 20:30:00,orchid_bark,16.12,73.09,632.0,12.1,37.7,True,soil_temp_c_hard_range_violation;,0 days 00:15:00,0
SENS-07,2026-06-17 20:45:00,orchid_bark,16.06,72.88,649.0,5.1,42.5,True,soil_temp_c_hard_range_violation;,0 days 00:15:00,0
SENS-07,2026-06-17 21:00:00,orchid_bark,15.81,73.24,606.0,0.0,41.6,True,soil_temp_c_hard_range_violation;,0 days 00:15:00,0
SENS-07,2026-06-17 21:15:00,orchid_bark,15.88,72.57,717.0,0.0,38.4,True,soil_temp_c_hard_range_violation;,0 days 00:15:00,0
SENS-07,2026-06-17 21:30:00,orchid_bark,16.19,71.02,640.0,15.9,40.2,True,soil_temp_c_hard_range_violation;,0 days 00:15:00,0
SENS-07,2026-06-17 21:45:00,orchid_bark,16.11,71.58,647.0,0.0,39.8,True,soil_temp_c_hard_range_violation;,0 days 00:15:00,0
SENS-07,2026-06-17 22:00:00,orchid_bark,16.39,70.86,696.0,0.0,38.7,True,soil_temp_c_hard_range_violation;,0 days 00:15:00,0
SENS-07,2026-06-17 22:15:00,orchid_bark,16.28,71.37,694.0,0.0,40.0,True,soil_temp_c_hard_range_violation;,0 days 00:15:00,0
SENS-07,2026-06-17 22:30:00,orchid_bark,16.0,70.45,725.0,3.6,44.8,True,soil_temp_c_hard_range_violation;,0 days 00:15:00,0
SENS-07,2026-06-17 22:45:00,orchid_bark,16.32,71.47,730.0,0.0,42.8,True,soil_temp_c_hard_range_violation;,0 days 00:15:00,0
SENS-07,2026-06-17 23:00:00,orchid_bark,16.13,69.31,745.0,0.0,45.8,True,soil_temp_c_hard_range_violation;,0 days 00:15:00,0
SENS-07,2026-06-17 23:15:00,orchid_bark,15.97,68.97,765.0,0.0,44.0,True,soil_temp_c_hard_range_violation;,0 days 00:15:00,0
SENS-07,2026-06-17 23:30:00,orchid_bark,16.14,68.59,742.0,0.0,50.5,True,soil_temp_c_hard_range_violation;,0 days 00:15:00,0
SENS-07,2026-06-17 23:45:00,orchid_bark,16.11,68.43,713.0,0.0,51.1,True,soil_temp_c_hard_range_violation;,0 days 00:15:00,0
SENS-07,2026-06-18 00:00:00,orchid_bark,16.04,68.77,709.0,0.0,55.0,True,soil_temp_c_hard_range_violation;,0 days 00:15:00,0
SENS-07,2026-06-18 00:15:00,orchid_bark,15.95,67.46,725.0,0.0,55.6,True,soil_temp_c_hard_range_violation;,0 days 00:15:00,0
SENS-07,2026-06-18 00:30:00,orchid_bark,15.77,67.1,619.0,0.0,49.9,True,soil_temp_c_hard_range_violation;,0 days 00:15:00,0
SENS-07,2026-06-18 00:45:00,orchid_bark,15.77,67.26,694.0,0.0,51.2,True,soil_temp_c_hard_range_violation;,0 days 00:15:00,0
SENS-07,2026-06-18 01:00:00,orchid_bark,15.83,65.97,627.0,0.0,56.1,True,soil_temp_c_hard_range_violation;,0 days 00:15:00,0
SENS-07,2026-06-18 01:15:00,orchid_bark,15.75,66.76,671.0,0.0,53.5,True,soil_temp_c_hard_range_violation;,0 days 00:15:00,0
SENS-07,2026-06-18 01:30:00,orchid_bark,15.82,65.7,641.0,0.0,58.1,True,soil_temp_c_hard_range_violation;,0 days 00:15:00,0
SENS-07,2026-06-18 01:45:00,orchid_bark,15.86,64.99,716.0,0.0,57.5,True,soil_temp_c_hard_range_violation;,0 days 00:15:00,0
SENS-07,2026-06-18 02:00:00,orchid_bark,15.9,64.02,724.0,0.0,62.4,True,soil_temp_c_hard_range_violation;,0 days 00:15:00,0
SENS-07,2026-06-18 02:15:00,orchid_bark,15.8,64.27,749.0,0.0,63.6,True,soil_temp_c_hard_range_violation;,0 days 00:15:00,0
SENS-07,2026-06-18 02:30:00,orchid_bark,15.69,64.65,661.0,0.0,61.0,True,soil_temp_c_hard_range_violation;,0 days 00:15:00,0
SENS-07,2026-06-18 02:45:00,orchid_bark,15.73,64.49,674.0,0.0,57.5,True,soil_temp_c_hard_range_violation;,0 days 00:15:00,0
SENS-07,2026-06-18 03:00:00,orchid_bark,15.45,64.15,743.0,0.0,67.0,True,soil_temp_c_hard_range_violation;,0 days 00:15:00,0
SENS-07,2026-06-18 03:15:00,orchid_bark,15.99,63.09,680.0,0.0,63.2,True,soil_temp_c_hard_range_violation;,0 days 00:15:00,0
SENS-07,2026-06-18 03:30:00,orchid_bark,15.45,63.82,671.0,0.0,65.9,True,soil_temp_c_hard_range_violation;,0 days 00:15:00,0
SENS-07,2026-06-18 03:45:00,orchid_bark,15.3,62.71,729.0,0.0,66.5,True,soil_temp_c_hard_range_violation;,0 days 00:15:00,0
SENS-07,2026-06-18 04:00:00,orchid_bark,15.37,62.8,721.0,0.0,68.9,True,soil_temp_c_hard_range_violation;,0 days 00:15:00,0
SENS-07,2026-06-18 04:15:00,orchid_bark,15.48,64.4,738.0,0.0,66.7,True,soil_temp_c_hard_range_violation;,0 days 00:15:00,0
SENS-07,2026-06-18 04:30:00,orchid_bark,15.27,63.46,719.0,0.0,65.9,True,soil_temp_c_hard_range_violation;,0 days 00:15:00,0
SENS-07,2026-06-18 04:45:00,orchid_bark,15.11,63.82,684.0,0.0,70.4,True,soil_temp_c_hard_range_violation;,0 days 00:15:00,0
SENS-07,2026-06-18 05:00:00,orchid_bark,15.09,64.51,755.0,0.0,73.1,True,soil_temp_c_hard_range_violation;,0 days 00:15:00,0
SENS-07,2026-06-18 05:15:00,orchid_bark,14.78,63.45,735.0,0.0,70.8,True,soil_temp_c_hard_range_violation;,0 days 00:15:00,0
SENS-07,2026-06-18 05:30:00,orchid_bark,14.51,64.22,699.0,0.0,71.3,True,soil_temp_c_hard_range_violation;,0 days 00:15:00,0
SENS-07,2026-06-18 05:45:00,orchid_bark,14.66,63.88,735.0,0.0,68.5,True,soil_temp_c_hard_range_violation;,0 days 00:15:00,0
SENS-07,2026-06-18 06:00:00,orchid_bark,14.8,63.18,699.0,0.0,73.9,True,soil_temp_c_hard_range_violation;,0 days 00:15:00,0
SENS-07,2026-06-18 06:15:00,orchid_bark,14.77,63.7,663.0,0.0,74.4,True,soil_temp_c_hard_range_violation;,0 days 00:15:00,0
SENS-07,2026-06-18 06:30:00,orchid_bark,14.9,63.41,704.0,0.0,72.5,True,soil_temp_c_hard_range_violation;,0 days 00:15:00,0
SENS-07,2026-06-18 06:45:00,orchid_bark,14.89,64.56,777.0,0.0,70.0,True,soil_temp_c_hard_range_violation;,0 days 00:15:00,0
SENS-07,2026-06-18 07:00:00,orchid_bark,14.7,65.03,742.0,0.0,73.2,True,soil_temp_c_hard_range_violation;,0 days 00:15:00,0
SENS-07,2026-06-18 07:15:00,orchid_bark,14.44,63.55,717.0,0.0,73.5,True,soil_temp_c_hard_range_violation;,0 days 00:15:00,0
SENS-07,2026-06-18 07:30:00,orchid_bark,14.54,64.15,664.0,1.3,72.7,True,soil_temp_c_hard_range_violation;,0 days 00:15:00,0
SENS-07,2026-06-18 07:45:00,orchid_bark,14.38,64.78,653.0,0.0,69.4,True,soil_temp_c_hard_range_violation;,0 days 00:15:00,0
SENS-07,2026-06-18 08:00:00,orchid_bark,14.52,64.74,690.0,0.0,73.1,True,soil_temp_c_hard_range_violation;,0 days 00:15:00,0
SENS-07,2026-06-18 08:15:00,orchid_bark,14.43,65.46,676.0,27.6,72.5,True,soil_temp_c_hard_range_violation;,0 days 00:15:00,0
SENS-07,2026-06-18 08:30:00,orchid_bark,14.66,66.2,701.0,29.9,72.9,True,soil_temp_c_hard_range_violation;,0 days 00:15:00,0
SENS-07,2026-06-18 08:45:00,orchid_bark,14.45,67.21,706.0,65.7,70.7,True,soil_temp_c_hard_range_violation;,0 days 00:15:00,0
SENS-07,2026-06-18 09:00:00,orchid_bark,14.19,66.25,643.0,71.8,74.4,True,soil_temp_c_hard_range_violation;,0 days 00:15:00,0
SENS-07,2026-06-18 09:15:00,orchid_bark,14.21,66.6,666.0,97.9,70.0,True,soil_temp_c_hard_range_violation;,0 days 00:15:00,0
SENS-07,2026-06-18 09:30:00,orchid_bark,14.12,67.64,686.0,109.9,73.5,True,soil_temp_c_hard_range_violation;,0 days 00:15:00,0
SENS-07,2026-06-18 09:45:00,orchid_bark,14.13,67.71,717.0,142.3,69.2,True,soil_temp_c_hard_range_violation;,0 days 00:15:00,0
SENS-07,2026-06-18 10:00:00,orchid_bark,14.09,67.03,719.0,146.4,64.3,True,soil_temp_c_hard_range_violation;,0 days 00:15:00,0
SENS-07,2026-06-18 10:15:00,orchid_bark,13.97,67.93,659.0,177.1,69.4,True,soil_temp_c_hard_range_violation;,0 days 00:15:00,0
SENS-07,2026-06-18 10:30:00,orchid_bark,13.89,68.7,651.0,199.9,64.9,True,soil_temp_c_hard_range_violation;,0 days 00:15:00,0
SENS-07,2026-06-18 10:45:00,orchid_bark,13.43,69.93,662.0,212.6,63.7,True,soil_temp_c_hard_range_violation;,0 days 00:15:00,0
SENS-07,2026-06-18 11:00:00,orchid_bark,13.72,70.57,732.0,230.0,67.1,True,soil_temp_c_hard_range_violation;,0 days 00:15:00,0
SENS-07,2026-06-18 11:15:00,orchid_bark,13.57,69.42,681.0,242.4,59.2,True,soil_temp_c_hard_range_violation;,0 days 00:15:00,0
SENS-07,2026-06-18 11:30:00,orchid_bark,13.64,70.03,704.0,253.1,56.6,True,soil_temp_c_hard_range_violation;,0 days 00:15:00,0
SENS-07,2026-06-18 11:45:00,orchid_bark,13.21,71.62,717.0,265.5,60.1,True,soil_temp_c_hard_range_violation;,0 days 00:15:00,0
SENS-07,2026-06-18 12:00:00,orchid_bark,13.02,71.08,749.0,279.5,60.6,True,soil_temp_c_hard_range_violation;,0 days 00:15:00,0
SENS-07,2026-06-18 12:15:00,orchid_bark,13.06,72.05,651.0,278.3,61.1,True,soil_temp_c_hard_range_violation;,0 days 00:15:00,0
SENS-07,2026-06-18 12:30:00,orchid_bark,13.41,72.05,749.0,292.5,57.8,True,soil_temp_c_hard_range_violation;,0 days 00:15:00,0
SENS-07,2026-06-18 12:45:00,orchid_bark,13.48,72.57,723.0,319.3,49.4,True,soil_temp_c_hard_range_violation;,0 days 00:15:00,0
SENS-07,2026-06-18 13:00:00,orchid_bark,13.58,72.63,767.0,313.0,52.1,True,soil_temp_c_hard_range_violation;,0 days 00:15:00,0
SENS-07,2026-06-18 13:15:00,orchid_bark,13.46,74.08,756.0,323.8,50.0,True,soil_temp_c_hard_range_violation;,0 days 00:15:00,0
SENS-07,2026-06-18 13:30:00,orchid_bark,13.44,72.48,704.0,320.0,47.0,True,soil_temp_c_hard_range_violation;,0 days 00:15:00,0
SENS-07,2026-06-18 13:45:00,orchid_bark,13.38,73.63,670.0,313.5,51.0,True,soil_temp_c_hard_range_violation;,0 days 00:15:00,0
SENS-07,2026-06-18 14:00:00,orchid_bark,13.43,74.97,726.0,317.6,51.9,True,soil_temp_c_hard_range_violation;,0 days 00:15:00,0
SENS-07,2026-06-18 14:15:00,orchid_bark,13.66,74.35,655.0,305.4,52.1,True,soil_temp_c_hard_range_violation;,0 days 00:15:00,0
SENS-07,2026-06-18 14:30:00,orchid_bark,13.57,74.68,709.0,328.3,49.6,True,soil_temp_c_hard_range_violation;,0 days 00:15:00,0
SENS-07,2026-06-18 14:45:00,orchid_bark,13.56,75.69,670.0,321.0,45.4,True,soil_temp_c_hard_range_violation;,0 days 00:15:00,0
SENS-07,2026-06-18 15:00:00,orchid_bark,13.46,75.56,690.0,302.4,49.2,True,soil_temp_c_hard_range_violation;,0 days 00:15:00,0
SENS-07,2026-06-18 15:15:00,orchid_bark,13.39,76.03,613.0,309.1,44.4,True,soil_temp_c_hard_range_violation;,0 days 00:15:00,0
SENS-07,2026-06-18 15:30:00,orchid_bark,13.6,76.44,697.0,301.0,44.2,True,soil_temp_c_hard_range_violation;,0 days 00:15:00,0
SENS-07,2026-06-18 15:45:00,orchid_bark,13.67,74.7,705.0,287.6,41.1,True,soil_temp_c_hard_range_violation;,0 days 00:15:00,0
SENS-07,2026-06-18 16:00:00,orchid_bark,13.72,75.52,679.0,280.9,41.5,True,soil_temp_c_hard_range_violation;,0 days 00:15:00,0
SENS-07,2026-06-18 16:15:00,orchid_bark,13.67,75.34,697.0,270.6,40.2,True,soil_temp_c_hard_range_violation;,0 days 00:15:00,0
SENS-07,2026-06-18 16:30:00,orchid_bark,13.48,76.24,657.0,256.9,36.6,True,soil_temp_c_hard_range_violation;,0 days 00:15:00,0
SENS-07,2026-06-18 16:45:00,orchid_bark,13.6,76.8,731.0,241.8,41.9,True,soil_temp_c_hard_range_violation;,0 days 00:15:00,0
SENS-07,2026-06-18 17:00:00,orchid_bark,13.75,74.26,701.0,227.0,39.9,True,soil_temp_c_hard_range_violation;,0 days 00:15:00,0
SENS-07,2026-06-18 17:15:00,orchid_bark,13.91,74.91,790.0,206.5,41.2,True,soil_temp_c_hard_range_violation;,0 days 00:15:00,0
SENS-07,2026-06-18 17:30:00,orchid_bark,13.88,74.52,712.0,202.1,36.3,True,soil_temp_c_hard_range_violation;,0 days 00:15:00,0
SENS-07,2026-06-18 17:45:00,orchid_bark,13.71,75.31,715.0,193.6,40.1,True,soil_temp_c_hard_range_violation;,0 days 00:15:00,0
SENS-07,2026-06-18 18:00:00,orchid_bark,13.82,75.87,681.0,151.0,32.9,True,soil_temp_c_hard_range_violation;,0 days 00:15:00,0
SENS-07,2026-06-18 18:15:00,orchid_bark,14.01,76.87,748.0,141.8,39.0,True,soil_temp_c_hard_range_violation;,0 days 00:15:00,0
SENS-07,2026-06-18 18:30:00,orchid_bark,14.16,74.62,683.0,117.2,39.2,True,soil_temp_c_hard_range_violation;,0 days 00:15:00,0
SENS-07,2026-06-18 18:45:00,orchid_bark,13.98,77.11,769.0,107.3,33.9,True,soil_temp_c_hard_range_violation;,0 days 00:15:00,0
SENS-07,2026-06-18 19:00:00,orchid_bark,14.03,75.58,768.0,86.2,40.4,True,soil_temp_c_hard_range_violation;,0 days 00:15:00,0
SENS-07,2026-06-18 19:15:00,orchid_bark,13.62,75.38,680.0,63.5,41.7,True,soil_temp_c_hard_range_violation;,0 days 00:15:00,0
SENS-07,2026-06-18 19:30:00,orchid_bark,13.87,75.25,689.0,37.0,35.4,True,soil_temp_c_hard_range_violation;,0 days 00:15:00,0
SENS-07,2026-06-18 19:45:00,orchid_bark,13.88,73.45,671.0,17.1,41.7,True,soil_temp_c_hard_range_violation;,0 days 00:15:00,0
SENS-07,2026-06-18 20:00:00,orchid_bark,13.9,73.76,647.0,0.0,32.5,True,soil_temp_c_hard_range_violation;,0 days 00:15:00,0
SENS-07,2026-06-18 20:15:00,orchid_bark,14.19,73.15,712.0,0.0,37.5,True,soil_temp_c_hard_range_violation;,0 days 00:15:00,0
SENS-07,2026-06-18 20:30:00,orchid_bark,14.05,74.03,700.0,9.8,30.5,True,soil_temp_c_hard_range_violation;,0 days 00:15:00,0
SENS-07,2026-06-18 20:45:00,orchid_bark,14.05,72.57,726.0,5.3,41.6,True,soil_temp_c_hard_range_violation;,0 days 00:15:00,0
SENS-07,2026-06-18 21:00:00,orchid_bark,13.86,72.73,698.0,10.3,34.8,True,soil_temp_c_hard_range_violation;,0 days 00:15:00,0
SENS-07,2026-06-18 21:15:00,orchid_bark,13.54,72.03,735.0,0.0,34.2,True,soil_temp_c_hard_range_violation;,0 days 00:15:00,0
SENS-07,2026-06-18 21:30:00,orchid_bark,13.58,73.17,698.0,3.9,41.5,True,soil_temp_c_hard_range_violation;,0 days 00:15:00,0
SENS-07,2026-06-18 21:45:00,orchid_bark,13.61,71.31,692.0,0.0,44.6,True,soil_temp_c_hard_range_violation;,0 days 00:15:00,0
SENS-07,2026-06-18 22:00:00,orchid_bark,13.17,70.57,703.0,0.0,41.1,True,soil_temp_c_hard_range_violation;,0 days 00:15:00,0
SENS-07,2026-06-18 22:15:00,orchid_bark,13.3,71.29,730.0,16.4,43.5,True,soil_temp_c_hard_range_violation;,0 days 00:15:00,0
SENS-07,2026-06-18 22:30:00,orchid_bark,13.28,70.5,685.0,0.0,49.3,True,soil_temp_c_hard_range_violation;,0 days 00:15:00,0
SENS-07,2026-06-18 22:45:00,orchid_bark,13.41,71.15,736.0,0.0,42.1,True,soil_temp_c_hard_range_violation;,0 days 00:15:00,0
SENS-07,2026-06-18 23:00:00,orchid_bark,13.45,69.94,671.0,0.0,43.1,True,soil_temp_c_hard_range_violation;,0 days 00:15:00,0
SENS-07,2026-06-18 23:15:00,orchid_bark,13.64,69.51,687.0,0.0,50.3,True,soil_temp_c_hard_range_violation;,0 days 00:15:00,0
SENS-07,2026-06-18 23:30:00,orchid_bark,13.86,69.53,625.0,0.0,48.8,True,soil_temp_c_hard_range_violation;,0 days 00:15:00,0
SENS-07,2026-06-18 23:45:00,orchid_bark,13.88,68.83,686.0,0.0,53.5,True,soil_temp_c_hard_range_violation;,0 days 00:15:00,0
SENS-07,2026-06-19 00:00:00,orchid_bark,14.04,68.67,655.0,0.0,46.5,True,soil_temp_c_hard_range_violation;,0 days 00:15:00,0
SENS-07,2026-06-19 00:15:00,orchid_bark,14.2,68.22,722.0,0.0,46.1,True,soil_temp_c_hard_range_violation;,0 days 00:15:00,0
SENS-07,2026-06-19 00:30:00,orchid_bark,13.94,67.08,720.0,0.0,48.3,True,soil_temp_c_hard_range_violation;,0 days 00:15:00,0
SENS-07,2026-06-19 00:45:00,orchid_bark,13.74,66.07,749.0,0.0,55.9,True,soil_temp_c_hard_range_violation;,0 days 00:15:00,0
SENS-07,2026-06-19 01:00:00,orchid_bark,13.52,66.45,766.0,0.0,58.6,True,soil_temp_c_hard_range_violation;,0 days 00:15:00,0
SENS-07,2026-06-19 01:15:00,orchid_bark,13.64,64.78,693.0,0.0,59.4,True,soil_temp_c_hard_range_violation;,0 days 00:15:00,0
SENS-07,2026-06-19 01:30:00,orchid_bark,13.48,65.35,670.0,0.0,59.0,True,soil_temp_c_hard_range_violation;,0 days 00:15:00,0
SENS-07,2026-06-19 01:45:00,orchid_bark,13.06,65.28,719.0,0.0,62.3,True,soil_temp_c_hard_range_violation;,0 days 00:15:00,0
SENS-07,2026-06-19 02:00:00,orchid_bark,28.74,66.2,684.0,0.0,57.8,True,soil_temp_c_hard_range_violation;,0 days 00:15:00,0
SENS-07,2026-06-19 02:15:00,orchid_bark,28.66,64.89,676.0,0.0,54.8,True,soil_temp_c_hard_range_violation;,0 days 00:15:00,0
SENS-07,2026-06-19 02:30:00,orchid_bark,28.74,66.0,699.0,0.0,57.0,True,soil_temp_c_hard_range_violation;,0 days 00:15:00,0
SENS-07,2026-06-19 02:45:00,orchid_bark,28.76,64.83,676.0,0.0,58.6,True,soil_temp_c_hard_range_violation;,0 days 00:15:00,0
SENS-07,2026-06-19 03:00:00,orchid_bark,28.62,63.1,782.0,0.0,58.2,True,soil_temp_c_hard_range_violation;,0 days 00:15:00,0
SENS-07,2026-06-19 03:15:00,orchid_bark,28.28,64.9,689.0,0.0,60.9,True,soil_temp_c_hard_range_violation;,0 days 00:15:00,0
SENS-07,2026-06-19 03:30:00,orchid_bark,27.71,64.65,699.0,0.0,63.2,True,soil_temp_c_hard_range_violation;,0 days 00:15:00,0
SENS-07,2026-06-19 03:45:00,orchid_bark,27.45,62.56,732.0,0.0,68.7,True,soil_temp_c_hard_range_violation;,0 days 00:15:00,0
SENS-07,2026-06-19 04:00:00,orchid_bark,27.24,64.17,788.0,0.0,68.6,True,soil_temp_c_hard_range_violation;,0 days 00:15:00,0
SENS-07,2026-06-19 04:15:00,orchid_bark,27.1,64.6,691.0,0.0,73.1,True,soil_temp_c_hard_range_violation;,0 days 00:15:00,0
SENS-07,2026-06-19 04:30:00,orchid_bark,27.12,61.93,625.0,0.0,65.6,True,soil_temp_c_hard_range_violation;,0 days 00:15:00,0
SENS-07,2026-06-19 04:45:00,orchid_bark,27.1,62.67,697.0,0.0,71.1,True,soil_temp_c_hard_range_violation;,0 days 00:15:00,0
SENS-07,2026-06-19 05:00:00,orchid_bark,26.96,64.11,632.0,0.0,74.5,True,soil_temp_c_hard_range_violation;,0 days 00:15:00,0
SENS-07,2026-06-19 05:15:00,orchid_bark,26.73,63.32,679.0,0.0,69.6,True,soil_temp_c_hard_range_violation;,0 days 00:15:00,0
SENS-07,2026-06-19 05:30:00,orchid_bark,26.27,64.54,760.0,0.0,70.3,True,soil_temp_c_hard_range_violation;,0 days 00:15:00,0
SENS-07,2026-06-19 05:45:00,orchid_bark,25.96,64.24,668.0,0.0,76.2,True,soil_temp_c_hard_range_violation;,0 days 00:15:00,0
SENS-07,2026-06-19 06:00:00,orchid_bark,25.62,64.26,658.0,0.0,71.3,True,soil_temp_c_hard_range_violation;,0 days 00:15:00,0
SENS-07,2026-06-19 06:15:00,orchid_bark,26.0,64.62,734.0,0.0,77.0,True,soil_temp_c_hard_range_violation;,0 days 00:15:00,0
SENS-07,2026-06-19 06:30:00,orchid_bark,26.26,63.34,691.0,0.0,68.4,True,soil_temp_c_hard_range_violation;,0 days 00:15:00,0
SENS-07,2026-06-19 06:45:00,orchid_bark,25.86,63.86,748.0,0.0,77.8,True,soil_temp_c_hard_range_violation;,0 days 00:15:00,0
SENS-07,2026-06-19 07:00:00,orchid_bark,25.79,65.68,689.0,0.0,76.8,True,soil_temp_c_hard_range_violation;,0 days 00:15:00,0
SENS-07,2026-06-19 07:15:00,orchid_bark,25.38,64.26,726.0,0.0,70.1,True,soil_temp_c_hard_range_violation;,0 days 00:15:00,0
SENS-07,2026-06-19 07:30:00,orchid_bark,25.28,65.53,638.0,0.0,71.9,True,soil_temp_c_hard_range_violation;,0 days 00:15:00,0
SENS-07,2026-06-19 07:45:00,orchid_bark,25.05,64.87,663.0,2.0,68.9,True,soil_temp_c_hard_range_violation;,0 days 00:15:00,0
SENS-07,2026-06-19 08:00:00,orchid_bark,24.88,64.74,693.0,0.8,70.9,True,soil_temp_c_hard_range_violation;,0 days 00:15:00,0
SENS-07,2026-06-19 08:15:00,orchid_bark,24.96,64.87,684.0,20.6,67.4,True,soil_temp_c_hard_range_violation;,0 days 00:15:00,0
SENS-07,2026-06-19 08:30:00,orchid_bark,24.9,66.31,800.0,55.4,66.3,True,soil_temp_c_hard_range_violation;,0 days 00:15:00,0
SENS-07,2026-06-19 08:45:00,orchid_bark,24.94,67.17,741.0,74.4,67.4,True,soil_temp_c_hard_range_violation;,0 days 00:15:00,0
SENS-07,2026-06-19 09:00:00,orchid_bark,24.91,66.94,740.0,90.1,73.7,True,soil_temp_c_hard_range_violation;,0 days 00:15:00,0
SENS-07,2026-06-19 09:15:00,orchid_bark,24.63,67.14,693.0,110.0,64.4,True,soil_temp_c_hard_range_violation;,0 days 00:15:00,0
SENS-07,2026-06-19 09:30:00,orchid_bark,24.23,66.51,644.0,123.3,73.4,True,soil_temp_c_hard_range_violation;,0 days 00:15:00,0
SENS-07,2026-06-19 09:45:00,orchid_bark,24.05,67.71,767.0,144.0,71.3,True,soil_temp_c_hard_range_violation;,0 days 00:15:00,0
SENS-07,2026-06-19 10:00:00,orchid_bark,23.86,68.23,635.0,163.5,71.7,True,soil_temp_c_hard_range_violation;,0 days 00:15:00,0
SENS-07,2026-06-19 10:15:00,orchid_bark,23.64,67.87,678.0,182.6,67.9,True,soil_temp_c_hard_range_violation;,0 days 00:15:00,0
SENS-07,2026-06-19 10:30:00,orchid_bark,23.37,69.22,723.0,195.4,70.9,True,soil_temp_c_hard_range_violation;,0 days 00:15:00,0
SENS-07,2026-06-19 10:45:00,orchid_bark,23.27,68.83,804.0,215.3,60.7,True,soil_temp_c_hard_range_violation;,0 days 00:15:00,0
SENS-07,2026-06-19 11:00:00,orchid_bark,23.42,69.46,770.0,226.8,68.1,True,soil_temp_c_hard_range_violation;,0 days 00:15:00,0
SENS-07,2026-06-19 11:15:00,orchid_bark,22.88,70.72,725.0,244.0,72.1,True,soil_temp_c_hard_range_violation;,0 days 00:15:00,0
SENS-07,2026-06-19 11:30:00,orchid_bark,22.52,71.71,786.0,261.2,61.1,True,soil_temp_c_hard_range_violation;,0 days 00:15:00,0
SENS-07,2026-06-19 11:45:00,orchid_bark,22.46,72.07,680.0,260.8,60.6,True,soil_temp_c_hard_range_violation;,0 days 00:15:00,0
SENS-07,2026-06-19 12:00:00,orchid_bark,21.98,71.28,718.0,278.2,56.9,True,soil_temp_c_hard_range_violation;,0 days 00:15:00,0
SENS-07,2026-06-19 12:15:00,orchid_bark,21.59,72.16,758.0,287.6,58.7,True,soil_temp_c_hard_range_violation;,0 days 00:15:00,0
SENS-07,2026-06-19 12:30:00,orchid_bark,21.91,72.61,644.0,287.5,57.9,True,soil_temp_c_hard_range_violation;,0 days 00:15:00,0
SENS-07,2026-06-19 12:45:00,orchid_bark,21.92,72.99,715.0,314.1,49.1,True,soil_temp_c_hard_range_violation;,0 days 00:15:00,0
SENS-07,2026-06-19 13:00:00,orchid_bark,22.35,72.99,718.0,302.5,56.8,True,soil_temp_c_hard_range_violation;,0 days 00:15:00,0
SENS-07,2026-06-19 13:15:00,orchid_bark,21.9,74.17,716.0,325.3,57.2,True,soil_temp_c_hard_range_violation;,0 days 00:15:00,0
SENS-07,2026-06-19 13:30:00,orchid_bark,22.22,73.13,658.0,306.5,50.0,True,soil_temp_c_hard_range_violation;,0 days 00:15:00,0
SENS-07,2026-06-19 13:45:00,orchid_bark,21.85,73.08,717.0,307.3,50.2,True,soil_temp_c_hard_range_violation;,0 days 00:15:00,0
SENS-07,2026-06-19 14:00:00,orchid_bark,21.93,74.46,712.0,317.3,52.9,True,soil_temp_c_hard_range_violation;,0 days 00:15:00,0
SENS-07,2026-06-19 14:15:00,orchid_bark,21.39,74.26,678.0,322.5,46.4,True,soil_temp_c_hard_range_violation;,0 days 00:15:00,0
SENS-07,2026-06-19 14:30:00,orchid_bark,21.35,76.12,731.0,320.4,50.3,True,soil_temp_c_hard_range_violation;,0 days 00:15:00,0
SENS-07,2026-06-19 14:45:00,orchid_bark,21.33,74.64,754.0,324.2,47.9,True,soil_temp_c_hard_range_violation;,0 days 00:15:00,0
SENS-07,2026-06-19 15:00:00,orchid_bark,21.14,75.94,672.0,302.9,53.0,True,soil_temp_c_hard_range_violation;,0 days 00:15:00,0
SENS-07,2026-06-19 15:15:00,orchid_bark,20.77,75.74,720.0,310.4,44.6,True,soil_temp_c_hard_range_violation;,0 days 00:15:00,0
SENS-07,2026-06-19 15:30:00,orchid_bark,20.62,74.55,755.0,282.4,42.4,True,soil_temp_c_hard_range_violation;,0 days 00:15:00,0
SENS-07,2026-06-19 15:45:00,orchid_bark,20.58,76.14,756.0,279.3,43.9,True,soil_temp_c_hard_range_violation;,0 days 00:15:00,0
SENS-07,2026-06-19 16:00:00,orchid_bark,20.26,75.36,694.0,275.0,42.6,True,soil_temp_c_hard_range_violation;,0 days 00:15:00,0
SENS-07,2026-06-19 16:15:00,orchid_bark,20.13,77.65,743.0,257.3,46.4,True,soil_temp_c_hard_range_violation;,0 days 00:15:00,0
SENS-07,2026-06-19 16:30:00,orchid_bark,20.03,75.42,690.0,258.2,45.5,True,soil_temp_c_hard_range_violation;,0 days 00:15:00,0
SENS-07,2026-06-19 16:45:00,orchid_bark,20.04,75.36,733.0,235.4,37.8,True,soil_temp_c_hard_range_violation;,0 days 00:15:00,0
SENS-07,2026-06-19 17:00:00,orchid_bark,19.64,74.48,670.0,234.3,38.8,True,soil_temp_c_hard_range_violation;,0 days 00:15:00,0
SENS-07,2026-06-19 17:15:00,orchid_bark,19.44,75.49,639.0,217.9,36.8,True,soil_temp_c_hard_range_violation;,0 days 00:15:00,0
SENS-07,2026-06-19 17:30:00,orchid_bark,19.4,76.51,721.0,189.4,35.8,True,soil_temp_c_hard_range_violation;,0 days 00:15:00,0
SENS-07,2026-06-19 17:45:00,orchid_bark,19.24,75.18,735.0,175.0,28.2,True,soil_temp_c_hard_range_violation;,0 days 00:15:00,0
SENS-07,2026-06-19 18:00:00,orchid_bark,18.95,76.21,728.0,159.3,42.7,True,soil_temp_c_hard_range_violation;,0 days 00:15:00,0
SENS-07,2026-06-19 18:15:00,orchid_bark,19.06,75.9,667.0,152.4,35.3,True,soil_temp_c_hard_range_violation;,0 days 00:15:00,0
SENS-07,2026-06-19 18:30:00,orchid_bark,19.18,74.86,601.0,114.9,35.8,True,soil_temp_c_hard_range_violation;,0 days 00:15:00,0
SENS-07,2026-06-19 18:45:00,orchid_bark,19.26,75.31,735.0,83.9,45.3,True,soil_temp_c_hard_range_violation;,0 days 00:15:00,0
SENS-07,2026-06-19 19:00:00,orchid_bark,19.11,74.52,758.0,79.4,35.1,True,soil_temp_c_hard_range_violation;,0 days 00:15:00,0
SENS-07,2026-06-19 19:15:00,orchid_bark,19.0,75.6,624.0,55.1,36.5,True,soil_temp_c_hard_range_violation;,0 days 00:15:00,0
SENS-07,2026-06-19 19:30:00,orchid_bark,19.17,73.44,688.0,29.5,38.0,True,soil_temp_c_hard_range_violation;,0 days 00:15:00,0
SENS-07,2026-06-19 19:45:00,orchid_bark,19.26,75.02,663.0,20.6,38.4,True,soil_temp_c_hard_range_violation;,0 days 00:15:00,0
SENS-07,2026-06-19 20:00:00,orchid_bark,19.44,73.69,710.0,0.0,35.8,True,soil_temp_c_hard_range_violation;,0 days 00:15:00,0
SENS-07,2026-06-19 20:15:00,orchid_bark,19.38,73.98,753.0,2.7,41.3,True,soil_temp_c_hard_range_violation;,0 days 00:15:00,0
SENS-07,2026-06-19 20:30:00,orchid_bark,19.42,73.92,691.0,0.0,38.9,True,soil_temp_c_hard_range_violation;,0 days 00:15:00,0
SENS-07,2026-06-19 20:45:00,orchid_bark,19.48,73.35,680.0,23.6,39.2,True,soil_temp_c_hard_range_violation;,0 days 00:15:00,0
SENS-07,2026-06-19 21:00:00,orchid_bark,19.69,74.39,716.0,8.5,37.4,True,soil_temp_c_hard_range_violation;,0 days 00:15:00,0
SENS-07,2026-06-19 21:15:00,orchid_bark,19.15,72.23,615.0,0.0,39.6,True,soil_temp_c_hard_range_violation;,0 days 00:15:00,0
SENS-07,2026-06-19 21:30:00,orchid_bark,19.1,71.17,734.0,0.0,43.6,True,soil_temp_c_hard_range_violation;,0 days 00:15:00,0
SENS-07,2026-06-19 21:45:00,orchid_bark,19.22,73.33,742.0,0.0,44.4,True,soil_temp_c_hard_range_violation;,0 days 00:15:00,0
SENS-07,2026-06-19 22:00:00,orchid_bark,19.38,71.64,700.0,5.9,41.0,True,soil_temp_c_hard_range_violation;,0 days 00:15:00,0
SENS-07,2026-06-19 22:15:00,orchid_bark,19.22,71.08,682.0,0.0,40.8,True,soil_temp_c_hard_range_violation;,0 days 00:15:00,0
SENS-07,2026-06-19 22:30:00,orchid_bark,19.22,72.18,689.0,0.0,46.7,True,soil_temp_c_hard_range_violation;,0 days 00:15:00,0
SENS-07,2026-06-19 22:45:00,orchid_bark,19.29,69.22,689.0,0.0,45.9,True,soil_temp_c_hard_range_violation;,0 days 00:15:00,0
SENS-07,2026-06-19 23:00:00,orchid_bark,19.47,69.69,698.0,0.0,48.6,True,soil_temp_c_hard_range_violation;,0 days 00:15:00,0
SENS-07,2026-06-19 23:15:00,orchid_bark,19.46,68.56,638.0,0.0,44.1,True,soil_temp_c_hard_range_violation;,0 days 00:15:00,0
SENS-07,2026-06-19 23:30:00,orchid_bark,19.43,68.85,717.0,0.0,48.0,True,soil_temp_c_hard_range_violation;,0 days 00:15:00,0
SENS-07,2026-06-19 23:45:00,orchid_bark,19.3,67.5,685.0,0.0,51.9,True,soil_temp_c_hard_range_violation;,0 days 00:15:00,0
SENS-07,2026-06-20 00:00:00,orchid_bark,19.45,68.18,701.0,0.0,48.2,True,soil_temp_c_hard_range_violation;,0 days 00:15:00,0
SENS-07,2026-06-20 00:15:00,orchid_bark,19.62,67.75,677.0,0.0,57.2,True,soil_temp_c_hard_range_violation;,0 days 00:15:00,0
SENS-07,2026-06-20 00:30:00,orchid_bark,19.75,67.32,715.0,0.0,57.5,True,soil_temp_c_hard_range_violation;,0 days 00:15:00,0
SENS-07,2026-06-20 00:45:00,orchid_bark,19.82,65.34,753.0,0.0,53.2,True,soil_temp_c_hard_range_violation;,0 days 00:15:00,0
SENS-07,2026-06-20 01:00:00,orchid_bark,19.79,67.15,708.0,0.0,54.4,True,soil_temp_c_hard_range_violation;,0 days 00:15:00,0
SENS-07,2026-06-20 01:15:00,orchid_bark,19.59,66.09,635.0,0.0,57.1,True,soil_temp_c_hard_range_violation;,0 days 00:15:00,0
SENS-07,2026-06-20 01:30:00,orchid_bark,19.36,67.82,700.0,0.0,57.9,True,soil_temp_c_hard_range_violation;,0 days 00:15:00,0
SENS-07,2026-06-20 01:45:00,orchid_bark,19.49,65.26,708.0,0.0,62.2,True,soil_temp_c_hard_range_violation;,0 days 00:15:00,0
SENS-07,2026-06-20 02:00:00,orchid_bark,19.64,64.85,698.0,0.0,57.0,True,soil_temp_c_hard_range_violation;,0 days 00:15:00,0
SENS-07,2026-06-20 02:15:00,orchid_bark,19.61,65.14,669.0,0.0,58.2,True,soil_temp_c_hard_range_violation;,0 days 00:15:00,0
SENS-07,2026-06-20 02:30:00,orchid_bark,19.58,63.88,698.0,0.0,62.7,True,soil_temp_c_hard_range_violation;,0 days 00:15:00,0
SENS-07,2026-06-20 02:45:00,orchid_bark,19.55,65.41,734.0,0.0,64.4,True,soil_temp_c_hard_range_violation;,0 days 00:15:00,0
SENS-07,2026-06-20 03:00:00,orchid_bark,19.71,63.63,688.0,0.0,63.9,True,soil_temp_c_hard_range_violation;,0 days 00:15:00,0
SENS-07,2026-06-20 03:15:00,orchid_bark,19.78,63.52,755.0,0.0,67.7,True,soil_temp_c_hard_range_violation;,0 days 00:15:00,0
SENS-07,2026-06-20 03:30:00,orchid_bark,19.61,64.54,674.0,0.0,70.1,True,soil_temp_c_hard_range_violation;,0 days 00:15:00,0
SENS-07,2026-06-20 03:45:00,orchid_bark,19.64,63.99,659.0,0.0,69.1,True,soil_temp_c_hard_range_violation;,0 days 00:15:00,0
SENS-07,2026-06-20 04:00:00,orchid_bark,19.24,63.86,691.0,0.0,68.8,True,soil_temp_c_hard_range_violation;,0 days 00:15:00,0
SENS-07,2026-06-20 04:15:00,orchid_bark,19.04,62.64,619.0,0.0,67.9,True,soil_temp_c_hard_range_violation;,0 days 00:15:00,0
SENS-07,2026-06-20 04:30:00,orchid_bark,18.62,64.26,700.0,0.0,69.5,True,soil_temp_c_hard_range_violation;,0 days 00:15:00,0
SENS-07,2026-06-20 04:45:00,orchid_bark,18.38,62.76,687.0,0.0,65.9,True,soil_temp_c_hard_range_violation;,0 days 00:15:00,0
SENS-07,2026-06-20 05:00:00,orchid_bark,18.16,62.26,727.0,0.0,67.0,True,soil_temp_c_hard_range_violation;,0 days 00:15:00,0
SENS-07,2026-06-20 05:15:00,orchid_bark,17.68,63.79,632.0,0.0,74.9,True,soil_temp_c_hard_range_violation;,0 days 00:15:00,0
SENS-07,2026-06-20 05:30:00,orchid_bark,17.85,63.39,731.0,0.0,76.9,True,soil_temp_c_hard_range_violation;,0 days 00:15:00,0
SENS-07,2026-06-20 05:45:00,orchid_bark,17.69,63.45,706.0,0.0,67.9,True,soil_temp_c_hard_range_violation;,0 days 00:15:00,0
SENS-07,2026-06-20 06:00:00,orchid_bark,17.57,64.2,763.0,0.0,74.0,True,soil_temp_c_hard_range_violation;,0 days 00:15:00,0
SENS-07,2026-06-20 06:15:00,orchid_bark,17.34,63.61,693.0,0.0,68.1,True,soil_temp_c_hard_range_violation;,0 days 00:15:00,0
SENS-07,2026-06-20 06:30:00,orchid_bark,17.4,62.73,714.0,0.0,77.8,True,soil_temp_c_hard_range_violation;,0 days 00:15:00,0
SENS-07,2026-06-20 06:45:00,orchid_bark,17.62,63.91,725.0,0.0,72.9,True,soil_temp_c_hard_range_violation;,0 days 00:15:00,0
SENS-07,2026-06-20 07:00:00,orchid_bark,17.66,64.54,619.0,0.0,80.6,True,soil_temp_c_hard_range_violation;,0 days 00:15:00,0
SENS-07,2026-06-20 07:15:00,orchid_bark,17.67,64.69,744.0,0.0,71.1,True,soil_temp_c_hard_range_violation;,0 days 00:15:00,0
SENS-07,2026-06-20 07:30:00,orchid_bark,17.22,64.67,695.0,6.7,71.3,True,soil_temp_c_hard_range_violation;,0 days 00:15:00,0
SENS-07,2026-06-20 07:45:00,orchid_bark,17.15,66.79,649.0,0.0,73.9,True,soil_temp_c_hard_range_violation;,0 days 00:15:00,0
SENS-07,2026-06-20 08:00:00,orchid_bark,17.22,66.54,697.0,0.0,75.1,True,soil_temp_c_hard_range_violation;,0 days 00:15:00,0
SENS-07,2026-06-20 08:15:00,orchid_bark,17.41,64.78,747.0,19.6,74.5,True,soil_temp_c_hard_range_violation;,0 days 00:15:00,0
SENS-07,2026-06-20 08:30:00,orchid_bark,17.47,64.98,686.0,46.7,74.6,True,soil_temp_c_hard_range_violation;,0 days 00:15:00,0
SENS-07,2026-06-20 08:45:00,orchid_bark,17.83,67.26,704.0,62.9,70.5,True,soil_temp_c_hard_range_violation;,0 days 00:15:00,0
SENS-07,2026-06-20 09:00:00,orchid_bark,17.63,67.42,620.0,80.2,73.5,True,soil_temp_c_hard_range_violation;,0 days 00:15:00,0
SENS-07,2026-06-20 09:15:00,orchid_bark,17.42,68.07,666.0,111.3,76.6,True,soil_temp_c_hard_range_violation;,0 days 00:15:00,0
SENS-07,2026-06-20 09:30:00,orchid_bark,17.44,67.06,728.0,127.2,71.7,True,soil_temp_c_hard_range_violation;,0 days 00:15:00,0
SENS-07,2026-06-20 09:45:00,orchid_bark,17.64,67.66,742.0,137.9,66.1,True,soil_temp_c_hard_range_violation;,0 days 00:15:00,0
SENS-07,2026-06-20 10:00:00,orchid_bark,17.87,66.88,708.0,151.7,69.0,True,soil_temp_c_hard_range_violation;,0 days 00:15:00,0
SENS-07,2026-06-20 10:15:00,orchid_bark,17.4,68.67,723.0,176.4,61.0,True,soil_temp_c_hard_range_violation;,0 days 00:15:00,0
SENS-07,2026-06-20 10:30:00,orchid_bark,17.37,68.52,684.0,189.8,68.1,True,soil_temp_c_hard_range_violation;,0 days 00:15:00,0
SENS-07,2026-06-20 10:45:00,orchid_bark,17.51,68.83,701.0,204.8,60.0,True,soil_temp_c_hard_range_violation;,0 days 00:15:00,0
SENS-07,2026-06-20 11:00:00,orchid_bark,17.63,70.47,658.0,232.3,66.2,True,soil_temp_c_hard_range_violation;,0 days 00:15:00,0
SENS-07,2026-06-20 11:15:00,orchid_bark,17.69,70.11,680.0,249.6,62.8,True,soil_temp_c_hard_range_violation;,0 days 00:15:00,0
SENS-07,2026-06-20 11:30:00,orchid_bark,17.61,71.22,699.0,253.4,64.9,True,soil_temp_c_hard_range_violation;,0 days 00:15:00,0
SENS-07,2026-06-20 11:45:00,orchid_bark,16.95,70.95,637.0,266.0,60.9,True,soil_temp_c_hard_range_violation;,0 days 00:15:00,0
SENS-07,2026-06-20 12:00:00,orchid_bark,17.31,71.83,796.0,271.2,63.9,True,soil_temp_c_hard_range_violation;,0 days 00:15:00,0
SENS-07,2026-06-20 12:15:00,orchid_bark,17.37,70.88,672.0,278.5,60.2,True,soil_temp_c_hard_range_violation;,0 days 00:15:00,0
SENS-07,2026-06-20 12:30:00,orchid_bark,17.14,71.49,708.0,302.0,60.7,True,soil_temp_c_hard_range_violation;,0 days 00:15:00,0
SENS-07,2026-06-20 12:45:00,orchid_bark,17.02,72.91,650.0,292.9,55.0,True,soil_temp_c_hard_range_violation;,0 days 00:15:00,0
SENS-07,2026-06-20 13:00:00,orchid_bark,17.02,74.17,579.0,304.1,53.7,True,soil_temp_c_hard_range_violation;,0 days 00:15:00,0
SENS-07,2026-06-20 13:15:00,orchid_bark,17.07,73.63,768.0,308.6,49.6,True,soil_temp_c_hard_range_violation;,0 days 00:15:00,0
SENS-07,2026-06-20 13:30:00,orchid_bark,16.74,73.65,702.0,320.7,49.2,True,soil_temp_c_hard_range_violation;,0 days 00:15:00,0
SENS-07,2026-06-20 13:45:00,orchid_bark,16.49,75.04,613.0,317.7,51.8,True,soil_temp_c_hard_range_violation;,0 days 00:15:00,0
SENS-07,2026-06-20 14:00:00,orchid_bark,16.54,74.1,659.0,315.4,50.5,True,soil_temp_c_hard_range_violation;,0 days 00:15:00,0
SENS-07,2026-06-20 14:15:00,orchid_bark,16.38,73.96,783.0,330.2,50.4,True,soil_temp_c_hard_range_violation;,0 days 00:15:00,0
SENS-07,2026-06-20 14:30:00,orchid_bark,15.98,74.8,719.0,330.3,46.0,True,soil_temp_c_hard_range_violation;,0 days 00:15:00,0
SENS-07,2026-06-20 14:45:00,orchid_bark,15.78,75.31,597.0,317.0,47.5,True,soil_temp_c_hard_range_violation;,0 days 00:15:00,0
SENS-07,2026-06-20 15:00:00,orchid_bark,15.74,74.34,680.0,310.2,50.0,True,soil_temp_c_hard_range_violation;,0 days 00:15:00,0
SENS-07,2026-06-20 15:15:00,orchid_bark,15.37,75.54,693.0,299.0,46.3,True,soil_temp_c_hard_range_violation;,0 days 00:15:00,0
SENS-07,2026-06-20 15:30:00,orchid_bark,15.66,74.37,721.0,295.5,44.2,True,soil_temp_c_hard_range_violation;,0 days 00:15:00,0
SENS-07,2026-06-20 15:45:00,orchid_bark,15.86,75.54,700.0,277.4,44.0,True,soil_temp_c_hard_range_violation;,0 days 00:15:00,0
SENS-07,2026-06-20 16:00:00,orchid_bark,16.01,75.78,631.0,285.0,46.0,True,soil_temp_c_hard_range_violation;,0 days 00:15:00,0
SENS-07,2026-06-20 16:15:00,orchid_bark,15.98,75.96,675.0,265.0,42.0,True,soil_temp_c_hard_range_violation;,0 days 00:15:00,0
SENS-07,2026-06-20 16:30:00,orchid_bark,15.7,74.64,664.0,248.4,39.2,True,soil_temp_c_hard_range_violation;,0 days 00:15:00,0
SENS-07,2026-06-20 16:45:00,orchid_bark,15.49,76.15,730.0,237.9,38.5,True,soil_temp_c_hard_range_violation;,0 days 00:15:00,0
SENS-07,2026-06-20 17:00:00,orchid_bark,15.72,76.73,678.0,231.9,37.8,True,soil_temp_c_hard_range_violation;,0 days 00:15:00,0
SENS-07,2026-06-20 17:15:00,orchid_bark,15.52,77.11,678.0,208.9,37.1,True,soil_temp_c_hard_range_violation;,0 days 00:15:00,0
SENS-07,2026-06-20 17:30:00,orchid_bark,15.48,77.09,690.0,188.5,40.7,True,soil_temp_c_hard_range_violation;,0 days 00:15:00,0
SENS-07,2026-06-20 17:45:00,orchid_bark,15.38,75.99,666.0,161.1,43.1,True,soil_temp_c_hard_range_violation;,0 days 00:15:00,0
SENS-07,2026-06-20 18:00:00,orchid_bark,15.32,77.67,760.0,159.4,36.4,True,soil_temp_c_hard_range_violation;,0 days 00:15:00,0
SENS-07,2026-06-20 18:15:00,orchid_bark,15.26,75.22,745.0,144.5,34.6,True,soil_temp_c_hard_range_violation;,0 days 00:15:00,0
SENS-07,2026-06-20 18:30:00,orchid_bark,15.18,75.09,747.0,118.5,33.3,True,soil_temp_c_hard_range_violation;,0 days 00:15:00,0
SENS-07,2026-06-20 18:45:00,orchid_bark,15.05,75.47,651.0,96.5,42.2,True,soil_temp_c_hard_range_violation;,0 days 00:15:00,0
SENS-07,2026-06-20 19:00:00,orchid_bark,14.96,75.85,714.0,73.8,39.9,True,soil_temp_c_hard_range_violation;,0 days 00:15:00,0
SENS-07,2026-06-20 19:15:00,orchid_bark,14.88,75.51,732.0,59.4,35.0,True,soil_temp_c_hard_range_violation;,0 days 00:15:00,0
SENS-07,2026-06-20 19:30:00,orchid_bark,14.67,73.09,659.0,32.9,37.6,True,soil_temp_c_hard_range_violation;,0 days 00:15:00,0
SENS-07,2026-06-20 19:45:00,orchid_bark,14.36,73.85,653.0,12.0,41.6,True,soil_temp_c_hard_range_violation;,0 days 00:15:00,0
SENS-07,2026-06-20 20:00:00,orchid_bark,14.26,74.8,660.0,0.0,37.4,True,soil_temp_c_hard_range_violation;,0 days 00:15:00,0
SENS-07,2026-06-20 20:15:00,orchid_bark,14.06,73.31,642.0,15.1,40.5,True,soil_temp_c_hard_range_violation;,0 days 00:15:00,0
SENS-07,2026-06-20 20:30:00,orchid_bark,14.03,73.54,742.0,18.7,37.9,True,soil_temp_c_hard_range_violation;,0 days 00:15:00,0
SENS-07,2026-06-20 20:45:00,orchid_bark,13.79,73.56,738.0,9.4,38.0,True,soil_temp_c_hard_range_violation;,0 days 00:15:00,0
SENS-07,2026-06-20 21:00:00,orchid_bark,13.4,73.29,687.0,5.2,31.5,True,soil_temp_c_hard_range_violation;,0 days 00:15:00,0
SENS-07,2026-06-20 21:15:00,orchid_bark,13.67,73.2,697.0,0.0,38.8,True,soil_temp_c_hard_range_violation;,0 days 00:15:00,0
SENS-07,2026-06-20 21:30:00,orchid_bark,13.53,73.13,673.0,21.4,39.1,True,soil_temp_c_hard_range_violation;,0 days 00:15:00,0
SENS-07,2026-06-20 21:45:00,orchid_bark,13.07,72.28,793.0,3.1,43.0,True,soil_temp_c_hard_range_violation;,0 days 00:15:00,0
SENS-07,2026-06-20 22:00:00,orchid_bark,13.2,70.54,683.0,0.0,43.0,True,soil_temp_c_hard_range_violation;,0 days 00:15:00,0
SENS-07,2026-06-20 22:15:00,orchid_bark,13.09,71.46,679.0,21.5,43.7,True,soil_temp_c_hard_range_violation;,0 days 00:15:00,0
SENS-07,2026-06-20 22:30:00,orchid_bark,13.07,71.4,695.0,0.0,46.9,True,soil_temp_c_hard_range_violation;,0 days 00:15:00,0
SENS-07,2026-06-20 22:45:00,orchid_bark,13.08,70.54,647.0,0.0,38.0,True,soil_temp_c_hard_range_violation;,0 days 00:15:00,0
SENS-07,2026-06-20 23:00:00,orchid_bark,13.25,70.74,711.0,0.0,45.9,True,soil_temp_c_hard_range_violation;,0 days 00:15:00,0
SENS-07,2026-06-20 23:15:00,orchid_bark,13.28,69.57,757.0,0.0,43.5,True,soil_temp_c_hard_range_violation;,0 days 00:15:00,0
SENS-07,2026-06-20 23:30:00,orchid_bark,12.97,68.88,693.0,0.0,44.4,True,soil_temp_c_hard_range_violation;,0 days 00:15:00,0
SENS-07,2026-06-20 23:45:00,orchid_bark,12.7,67.96,732.0,0.0,48.3,True,soil_temp_c_hard_range_violation;,0 days 00:15:00,0
SENS-07,2026-06-21 00:00:00,orchid_bark,12.39,69.64,622.0,0.0,50.4,True,soil_temp_c_hard_range_violation;,0 days 00:15:00,0
SENS-07,2026-06-21 00:15:00,orchid_bark,12.27,67.03,662.0,0.0,53.0,True,soil_temp_c_hard_range_violation;,0 days 00:15:00,0
SENS-07,2026-06-21 00:30:00,orchid_bark,12.33,67.39,704.0,0.0,54.0,True,soil_temp_c_hard_range_violation;,0 days 00:15:00,0
SENS-07,2026-06-21 00:45:00,orchid_bark,12.14,66.76,626.0,0.0,51.3,True,soil_temp_c_hard_range_violation;,0 days 00:15:00,0
SENS-07,2026-06-21 01:00:00,orchid_bark,11.99,65.7,713.0,0.0,54.4,True,soil_temp_c_hard_range_violation;,0 days 00:15:00,0
SENS-07,2026-06-21 01:15:00,orchid_bark,11.83,66.94,688.0,0.0,60.5,True,soil_temp_c_hard_range_violation;,0 days 00:15:00,0
SENS-07,2026-06-21 01:30:00,orchid_bark,11.69,66.33,712.0,0.0,62.2,True,soil_temp_c_hard_range_violation;,0 days 00:15:00,0
SENS-07,2026-06-21 01:45:00,orchid_bark,11.81,65.82,691.0,0.0,57.6,True,soil_temp_c_hard_range_violation;,0 days 00:15:00,0
SENS-07,2026-06-21 02:00:00,orchid_bark,11.74,64.89,693.0,0.0,59.9,True,soil_temp_c_hard_range_violation;,0 days 00:15:00,0
SENS-07,2026-06-21 02:15:00,orchid_bark,11.95,65.46,596.0,0.0,58.1,True,soil_temp_c_hard_range_violation;,0 days 00:15:00,0
SENS-07,2026-06-21 02:30:00,orchid_bark,11.83,64.62,656.0,0.0,65.0,True,soil_temp_c_hard_range_violation;,0 days 00:15:00,0
SENS-07,2026-06-21 02:45:00,orchid_bark,11.82,64.9,720.0,0.0,69.9,True,soil_temp_c_hard_range_violation;,0 days 00:15:00,0
SENS-07,2026-06-21 03:00:00,orchid_bark,11.77,65.37,643.0,0.0,62.4,True,soil_temp_c_hard_range_violation;,0 days 00:15:00,0
SENS-07,2026-06-21 03:15:00,orchid_bark,11.81,62.38,661.0,0.0,68.5,True,soil_temp_c_hard_range_violation;,0 days 00:15:00,0
SENS-07,2026-06-21 03:30:00,orchid_bark,11.9,64.71,683.0,0.0,68.2,True,soil_temp_c_hard_range_violation;,0 days 00:15:00,0
SENS-07,2026-06-21 03:45:00,orchid_bark,11.9,65.55,686.0,0.0,66.4,True,soil_temp_c_hard_range_violation;,0 days 00:15:00,0
SENS-07,2026-06-21 04:00:00,orchid_bark,12.42,64.96,729.0,0.0,65.6,True,soil_temp_c_hard_range_violation;,0 days 00:15:00,0
SENS-07,2026-06-21 04:15:00,orchid_bark,12.71,64.18,709.0,0.0,76.0,True,soil_temp_c_hard_range_violation;,0 days 00:15:00,0
SENS-07,2026-06-21 04:30:00,orchid_bark,12.58,64.44,674.0,0.0,71.6,True,soil_temp_c_hard_range_violation;,0 days 00:15:00,0
SENS-07,2026-06-21 04:45:00,orchid_bark,12.83,62.91,631.0,0.0,72.8,True,soil_temp_c_hard_range_violation;,0 days 00:15:00,0
SENS-07,2026-06-21 05:00:00,orchid_bark,13.06,63.68,822.0,0.0,70.0,True,soil_temp_c_hard_range_violation;,0 days 00:15:00,0
SENS-07,2026-06-21 05:15:00,orchid_bark,12.78,63.41,702.0,0.0,71.3,True,soil_temp_c_hard_range_violation;,0 days 00:15:00,0
SENS-07,2026-06-21 05:30:00,orchid_bark,12.34,63.21,737.0,0.0,68.0,True,soil_temp_c_hard_range_violation;,0 days 00:15:00,0
SENS-07,2026-06-21 05:45:00,orchid_bark,12.38,64.33,605.0,0.0,74.3,True,soil_temp_c_hard_range_violation;,0 days 00:15:00,0
SENS-07,2026-06-21 06:00:00,orchid_bark,12.34,63.57,685.0,0.0,71.3,True,soil_temp_c_hard_range_violation;,0 days 00:15:00,0
SENS-07,2026-06-21 06:15:00,orchid_bark,11.84,62.49,684.0,0.0,69.6,True,soil_temp_c_hard_range_violation;,0 days 00:15:00,0
SENS-07,2026-06-21 06:30:00,orchid_bark,11.86,64.29,681.0,0.0,70.3,True,soil_temp_c_hard_range_violation;,0 days 00:15:00,0
SENS-07,2026-06-21 06:45:00,orchid_bark,11.86,64.13,731.0,0.0,80.2,True,soil_temp_c_hard_range_violation;,0 days 00:15:00,0
SENS-07,2026-06-21 07:00:00,orchid_bark,11.74,64.85,689.0,0.0,72.1,True,soil_temp_c_hard_range_violation;,0 days 00:15:00,0
SENS-07,2026-06-21 07:15:00,orchid_bark,12.05,64.27,683.0,0.0,74.1,True,soil_temp_c_hard_range_violation;,0 days 00:15:00,0
SENS-07,2026-06-21 07:30:00,orchid_bark,12.0,63.55,699.0,0.0,69.3,True,soil_temp_c_hard_range_violation;,0 days 00:15:00,0
SENS-07,2026-06-21 07:45:00,orchid_bark,11.92,64.36,701.0,0.0,72.1,True,soil_temp_c_hard_range_violation;,0 days 00:15:00,0
SENS-07,2026-06-21 08:00:00,orchid_bark,11.91,64.69,652.0,2.9,68.3,True,soil_temp_c_hard_range_violation;,0 days 00:15:00,0
SENS-07,2026-06-21 08:15:00,orchid_bark,11.64,64.9,740.0,22.8,73.2,True,soil_temp_c_hard_range_violation;,0 days 00:15:00,0
SENS-07,2026-06-21 08:30:00,orchid_bark,11.45,65.55,677.0,28.3,68.9,True,soil_temp_c_hard_range_violation;,0 days 00:15:00,0
SENS-07,2026-06-21 08:45:00,orchid_bark,10.89,66.83,696.0,54.8,73.5,True,soil_temp_c_hard_range_violation;,0 days 00:15:00,0
SENS-07,2026-06-21 09:00:00,orchid_bark,10.97,65.66,760.0,84.6,65.2,True,soil_temp_c_hard_range_violation;,0 days 00:15:00,0
SENS-07,2026-06-21 09:15:00,orchid_bark,11.16,67.66,816.0,101.1,68.1,True,soil_temp_c_hard_range_violation;,0 days 00:15:00,0
SENS-07,2026-06-21 09:30:00,orchid_bark,11.22,66.47,719.0,127.4,72.8,True,soil_temp_c_hard_range_violation;,0 days 00:15:00,0
SENS-07,2026-06-21 09:45:00,orchid_bark,11.26,67.5,630.0,157.2,73.1,True,soil_temp_c_hard_range_violation;,0 days 00:15:00,0
SENS-07,2026-06-21 10:00:00,orchid_bark,11.25,68.14,689.0,150.0,67.7,True,soil_temp_c_hard_range_violation;,0 days 00:15:00,0
SENS-07,2026-06-21 10:15:00,orchid_bark,11.55,68.36,769.0,196.3,65.7,True,soil_temp_c_hard_range_violation;,0 days 00:15:00,0
SENS-07,2026-06-21 10:30:00,orchid_bark,11.52,69.42,691.0,209.9,66.3,True,soil_temp_c_hard_range_violation;,0 days 00:15:00,0
SENS-07,2026-06-21 10:45:00,orchid_bark,11.69,69.31,733.0,197.2,71.2,True,soil_temp_c_hard_range_violation;,0 days 00:15:00,0
SENS-07,2026-06-21 11:00:00,orchid_bark,11.85,69.69,733.0,216.7,63.2,True,soil_temp_c_hard_range_violation;,0 days 00:15:00,0
SENS-07,2026-06-21 11:15:00,orchid_bark,11.57,68.5,672.0,237.4,63.0,True,soil_temp_c_hard_range_violation;,0 days 00:15:00,0
SENS-07,2026-06-21 11:30:00,orchid_bark,11.69,70.92,776.0,246.2,58.7,True,soil_temp_c_hard_range_violation;,0 days 00:15:00,0
SENS-07,2026-06-21 11:45:00,orchid_bark,11.47,72.37,717.0,270.7,58.8,True,soil_temp_c_hard_range_violation;,0 days 00:15:00,0
SENS-07,2026-06-21 12:00:00,orchid_bark,11.35,71.08,699.0,282.2,61.0,True,soil_temp_c_hard_range_violation;,0 days 00:15:00,0
SENS-07,2026-06-21 12:15:00,orchid_bark,11.31,72.3,693.0,288.1,61.2,True,soil_temp_c_hard_range_violation;,0 days 00:15:00,0
SENS-07,2026-06-21 12:30:00,orchid_bark,11.56,71.62,653.0,298.6,58.3,True,soil_temp_c_hard_range_violation;,0 days 00:15:00,0
SENS-07,2026-06-21 12:45:00,orchid_bark,11.41,73.29,668.0,301.9,58.7,True,soil_temp_c_hard_range_violation;,0 days 00:15:00,0
SENS-07,2026-06-21 13:00:00,orchid_bark,11.48,73.33,659.0,312.3,52.0,True,soil_temp_c_hard_range_violation;,0 days 00:15:00,0
SENS-07,2026-06-21 13:15:00,orchid_bark,11.16,73.04,791.0,329.2,50.5,True,soil_temp_c_hard_range_violation;,0 days 00:15:00,0
SENS-07,2026-06-21 13:30:00,orchid_bark,11.13,73.33,741.0,298.2,55.0,True,soil_temp_c_hard_range_violation;,0 days 00:15:00,0
SENS-07,2026-06-21 13:45:00,orchid_bark,11.03,74.43,660.0,319.5,50.1,True,soil_temp_c_hard_range_violation;,0 days 00:15:00,0
SENS-07,2026-06-21 14:00:00,orchid_bark,11.28,74.28,774.0,323.7,46.8,True,soil_temp_c_hard_range_violation;,0 days 00:15:00,0
SENS-07,2026-06-21 14:15:00,orchid_bark,11.13,73.65,755.0,318.5,49.8,True,soil_temp_c_hard_range_violation;,0 days 00:15:00,0
SENS-07,2026-06-21 14:30:00,orchid_bark,10.82,73.71,674.0,319.8,48.4,True,soil_temp_c_hard_range_violation;,0 days 00:15:00,0
SENS-07,2026-06-21 14:45:00,orchid_bark,10.74,75.47,721.0,323.4,46.5,True,soil_temp_c_hard_range_violation;,0 days 00:15:00,0
SENS-07,2026-06-21 15:00:00,orchid_bark,10.62,74.71,673.0,305.0,50.8,True,soil_temp_c_hard_range_violation;,0 days 00:15:00,0
SENS-07,2026-06-21 15:15:00,orchid_bark,10.68,75.47,741.0,320.7,50.6,True,soil_temp_c_hard_range_violation;,0 days 00:15:00,0
SENS-07,2026-06-21 15:30:00,orchid_bark,10.95,76.05,720.0,283.8,46.9,True,soil_temp_c_hard_range_violation;,0 days 00:15:00,0
SENS-07,2026-06-21 15:45:00,orchid_bark,10.88,74.89,683.0,292.0,44.4,True,soil_temp_c_hard_range_violation;,0 days 00:15:00,0
SENS-07,2026-06-21 16:00:00,orchid_bark,10.96,75.16,650.0,277.0,46.4,True,soil_temp_c_hard_range_violation;,0 days 00:15:00,0
SENS-07,2026-06-21 16:15:00,orchid_bark,10.94,77.14,697.0,268.1,41.9,True,soil_temp_c_hard_range_violation;,0 days 00:15:00,0
SENS-07,2026-06-21 16:30:00,orchid_bark,11.05,75.76,720.0,260.0,40.1,True,soil_temp_c_hard_range_violation;,0 days 00:15:00,0
SENS-07,2026-06-21 16:45:00,orchid_bark,10.85,76.82,752.0,235.6,38.3,True,soil_temp_c_hard_range_violation;,0 days 00:15:00,0
SENS-07,2026-06-21 17:00:00,orchid_bark,10.86,77.9,725.0,235.1,37.1,True,soil_temp_c_hard_range_violation;,0 days 00:15:00,0
SENS-07,2026-06-21 17:15:00,orchid_bark,11.05,76.26,737.0,226.8,41.6,True,soil_temp_c_hard_range_violation;,0 days 00:15:00,0
SENS-07,2026-06-21 17:30:00,orchid_bark,10.9,75.43,670.0,192.5,33.9,True,soil_temp_c_hard_range_violation;,0 days 00:15:00,0
SENS-07,2026-06-21 17:45:00,orchid_bark,10.87,76.06,621.0,173.6,36.2,True,soil_temp_c_hard_range_violation;,0 days 00:15:00,0
SENS-07,2026-06-21 18:00:00,orchid_bark,10.86,75.76,632.0,170.1,36.6,True,soil_temp_c_hard_range_violation;,0 days 00:15:00,0
SENS-07,2026-06-21 18:15:00,orchid_bark,10.57,75.81,688.0,149.4,33.1,True,soil_temp_c_hard_range_violation;,0 days 00:15:00,0
SENS-07,2026-06-21 18:30:00,orchid_bark,10.72,76.14,669.0,109.9,36.0,True,soil_temp_c_hard_range_violation;,0 days 00:15:00,0
SENS-07,2026-06-21 18:45:00,orchid_bark,10.61,76.05,695.0,107.3,37.3,True,soil_temp_c_hard_range_violation;,0 days 00:15:00,0
SENS-07,2026-06-21 19:00:00,orchid_bark,10.61,73.81,729.0,89.0,40.1,True,soil_temp_c_hard_range_violation;,0 days 00:15:00,0
SENS-07,2026-06-21 19:15:00,orchid_bark,10.74,75.9,725.0,62.0,35.5,True,soil_temp_c_hard_range_violation;,0 days 00:15:00,0
SENS-07,2026-06-21 19:30:00,orchid_bark,10.89,75.0,606.0,53.8,37.5,True,soil_temp_c_hard_range_violation;,0 days 00:15:00,0
SENS-07,2026-06-21 19:45:00,orchid_bark,10.66,74.12,803.0,8.1,32.9,True,soil_temp_c_hard_range_violation;,0 days 00:15:00,0
SENS-07,2026-06-21 20:00:00,orchid_bark,10.75,74.79,716.0,0.0,34.0,True,soil_temp_c_hard_range_violation;,0 days 00:15:00,0
SENS-07,2026-06-21 20:15:00,orchid_bark,10.95,73.2,712.0,8.5,32.2,True,soil_temp_c_hard_range_violation;,0 days 00:15:00,0
SENS-07,2026-06-21 20:30:00,orchid_bark,10.82,72.91,694.0,0.0,41.3,True,soil_temp_c_hard_range_violation;,0 days 00:15:00,0
SENS-07,2026-06-21 20:45:00,orchid_bark,10.99,74.07,689.0,0.0,37.9,True,soil_temp_c_hard_range_violation;,0 days 00:15:00,0
SENS-07,2026-06-21 21:00:00,orchid_bark,11.07,73.0,744.0,0.0,40.1,True,soil_temp_c_hard_range_violation;,0 days 00:15:00,0
SENS-07,2026-06-21 21:15:00,orchid_bark,11.17,73.72,661.0,6.8,41.6,True,soil_temp_c_hard_range_violation;,0 days 00:15:00,0
SENS-07,2026-06-21 21:30:00,orchid_bark,11.35,71.71,712.0,2.7,43.1,True,soil_temp_c_hard_range_violation;,0 days 00:15:00,0
SENS-07,2026-06-21 21:45:00,orchid_bark,11.17,72.03,761.0,0.0,47.5,True,soil_temp_c_hard_range_violation;,0 days 00:15:00,0
SENS-07,2026-06-21 22:00:00,orchid_bark,10.99,71.71,708.0,0.0,42.1,True,soil_temp_c_hard_range_violation;,0 days 00:15:00,0
SENS-07,2026-06-21 22:15:00,orchid_bark,11.22,71.33,721.0,0.0,41.0,True,soil_temp_c_hard_range_violation;,0 days 00:15:00,0
SENS-07,2026-06-21 22:30:00,orchid_bark,11.16,71.08,644.0,2.7,46.1,True,soil_temp_c_hard_range_violation;,0 days 00:15:00,0
SENS-07,2026-06-21 22:45:00,orchid_bark,10.88,70.54,733.0,0.0,52.1,True,soil_temp_c_hard_range_violation;,0 days 00:15:00,0
SENS-07,2026-06-21 23:00:00,orchid_bark,10.85,69.82,715.0,0.0,44.4,True,soil_temp_c_hard_range_violation;,0 days 00:15:00,0
SENS-07,2026-06-21 23:15:00,orchid_bark,10.84,67.98,696.0,0.0,44.7,True,soil_temp_c_hard_range_violation;,0 days 00:15:00,0
SENS-07,2026-06-21 23:30:00,orchid_bark,10.9,69.6,729.0,0.0,40.4,True,soil_temp_c_hard_range_violation;,0 days 00:15:00,0
SENS-07,2026-06-21 23:45:00,orchid_bark,10.83,66.87,654.0,0.0,43.0,True,soil_temp_c_hard_range_violation;,0 days 00:15:00,0
SENS-07,2026-06-22 00:00:00,orchid_bark,11.19,67.28,772.0,0.0,54.6,True,soil_temp_c_hard_range_violation;,0 days 00:15:00,0
SENS-07,2026-06-22 00:15:00,orchid_bark,11.01,67.26,816.0,0.0,51.0,True,soil_temp_c_hard_range_violation;,0 days 00:15:00,0
SENS-07,2026-06-22 00:30:00,orchid_bark,10.63,68.04,676.0,0.0,49.2,True,soil_temp_c_hard_range_violation;,0 days 00:15:00,0
SENS-07,2026-06-22 00:45:00,orchid_bark,10.35,66.85,747.0,0.0,53.8,True,soil_temp_c_hard_range_violation;,0 days 00:15:00,0
SENS-07,2026-06-22 01:00:00,orchid_bark,10.22,68.0,694.0,0.0,62.8,True,soil_temp_c_hard_range_violation;,0 days 00:15:00,0
SENS-07,2026-06-22 01:15:00,orchid_bark,10.33,65.3,651.0,0.0,56.2,True,soil_temp_c_hard_range_violation;,0 days 00:15:00,0
SENS-07,2026-06-22 01:30:00,orchid_bark,10.3,65.17,752.0,0.0,63.1,True,soil_temp_c_hard_range_violation;,0 days 00:15:00,0
SENS-07,2026-06-22 01:45:00,orchid_bark,10.39,64.02,689.0,0.0,55.7,True,soil_temp_c_hard_range_violation;,0 days 00:15:00,0
SENS-08,2026-06-01 09:30:00,potting_soil,34.05,21.17,692.0,247.2,106.6,True,air_humidity_pct_hard_range_violation;,0 days 00:15:00,0
SENS-08,2026-06-02 00:30:00,potting_soil,28.02,18.4,754.0,0.0,122.2,True,air_humidity_pct_hard_range_violation;,0 days 00:15:00,0
SENS-08,2026-06-02 03:15:00,potting_soil,27.68,17.28,650.0,0.0,64.9,True,irregular_reporting_interval;,0 days 00:00:00,0
SENS-08,2026-06-02 03:30:00,potting_soil,27.96,17.88,743.0,0.0,130.7,True,air_humidity_pct_hard_range_violation;,0 days 00:15:00,0
SENS-08,2026-06-02 13:45:00,potting_soil,25.75,24.38,620.0,298.2,41.5,True,irregular_reporting_interval;,0 days 00:00:00,0
SENS-08,2026-06-03 03:15:00,potting_soil,21.73,17.49,757.0,0.0,124.1,True,air_humidity_pct_hard_range_violation;,0 days 00:15:00,0
SENS-08,2026-06-04 16:15:00,potting_soil,-4.25,24.25,821.0,124.0,40.5,True,soil_moisture_vwc_hard_range_violation;,0 days 00:15:00,0
SENS-08,2026-06-04 22:00:00,potting_soil,19.7,20.49,721.0,0.0,48.0,True,irregular_reporting_interval;,0 days 00:00:00,0
SENS-08,2026-06-05 04:30:00,potting_soil,19.63,17.44,687.0,0.0,69.7,True,irregular_reporting_interval;,0 days 00:00:00,0
SENS-08,2026-06-05 20:45:00,potting_soil,34.46,21.22,712.0,0.0,107.2,True,air_humidity_pct_hard_range_violation;,0 days 00:15:00,0
SENS-08,2026-06-07 04:15:00,potting_soil,23.53,17.2,688.0,0.0,68.4,True,irregular_reporting_interval;,0 days 00:00:00,0
SENS-08,2026-06-07 13:45:00,potting_soil,-4.4,24.54,600.0,283.8,40.3,True,soil_moisture_vwc_hard_range_violation;,0 days 00:15:00,0
SENS-08,2026-06-07 23:00:00,potting_soil,-5.23,18.94,723.0,0.0,52.8,True,soil_moisture_vwc_hard_range_violation;,0 days 00:15:00,0
SENS-08,2026-06-08 05:00:00,potting_soil,21.45,17.7,644.0,0.0,131.0,True,air_humidity_pct_hard_range_violation;,0 days 00:15:00,0
SENS-08,2026-06-08 13:45:00,potting_soil,-1.58,23.86,741.0,286.3,48.6,True,soil_moisture_vwc_hard_range_violation;,0 days 00:15:00,0
SENS-08,2026-06-09 19:45:00,potting_soil,-4.47,21.86,737.0,0.0,41.9,True,soil_moisture_vwc_hard_range_violation;,0 days 00:15:00,0
SENS-08,2026-06-10 13:15:00,potting_soil,33.31,24.23,677.0,303.8,45.2,True,irregular_reporting_interval;,0 days 00:00:00,0
SENS-08,2026-06-11 08:45:00,potting_soil,26.4,21.34,690.0,210.1,65.0,True,irregular_reporting_interval;,0 days 00:00:00,0
SENS-08,2026-06-11 19:30:00,potting_soil,25.15,22.87,664.0,0.0,42.5,True,irregular_reporting_interval;,0 days 00:00:00,0
SENS-08,2026-06-12 14:15:00,potting_soil,24.09,24.23,719.0,267.3,111.7,True,air_humidity_pct_hard_range_violation;,0 days 00:15:00,0
SENS-08,2026-06-13 00:00:00,potting_soil,22.88,18.1,693.0,0.0,105.5,True,air_humidity_pct_hard_range_violation;,0 days 00:15:00,0
SENS-08,2026-06-13 17:30:00,potting_soil,24.52,23.4,743.0,35.1,35.9,True,irregular_reporting_interval;,0 days 00:00:00,0
SENS-08,2026-06-13 18:45:00,potting_soil,25.22,23.15,702.0,0.0,34.6,True,irregular_reporting_interval;,0 days 00:00:00,0
SENS-08,2026-06-13 23:00:00,potting_soil,25.27,19.37,700.0,0.0,118.1,True,air_humidity_pct_hard_range_violation;,0 days 00:15:00,0
SENS-08,2026-06-14 00:15:00,potting_soil,-1.54,18.35,671.0,0.0,60.2,True,soil_moisture_vwc_hard_range_violation;,0 days 00:15:00,0
SENS-08,2026-06-14 10:15:00,potting_soil,-2.43,22.29,654.0,282.8,54.4,True,soil_moisture_vwc_hard_range_violation;,0 days 00:15:00,0
SENS-08,2026-06-17 07:15:00,potting_soil,25.1,19.66,677.0,84.5,72.8,True,irregular_reporting_interval;,0 days 00:00:00,0
SENS-08,2026-06-17 08:45:00,potting_soil,-2.63,20.79,685.0,229.3,61.6,True,soil_moisture_vwc_hard_range_violation;,0 days 00:15:00,0
SENS-08,2026-06-17 17:45:00,potting_soil,-5.43,23.62,673.0,10.3,34.9,True,soil_moisture_vwc_hard_range_violation;,0 days 00:15:00,0
SENS-08,2026-06-17 21:15:00,potting_soil,-3.79,20.92,686.0,0.0,41.9,True,soil_moisture_vwc_hard_range_violation;,0 days 00:15:00,0
SENS-08,2026-06-18 05:00:00,potting_soil,23.91,17.96,628.0,0.0,69.7,True,irregular_reporting_interval;,0 days 00:00:00,0
SENS-08,2026-06-19 13:15:00,potting_soil,32.94,23.7,682.0,310.1,108.8,True,air_humidity_pct_hard_range_violation;,0 days 00:15:00,0
SENS-08,2026-06-20 10:45:00,potting_soil,-3.01,22.38,753.0,301.1,58.5,True,soil_moisture_vwc_hard_range_violation;,0 days 00:15:00,0
SENS-08,2026-06-20 17:30:00,potting_soil,25.91,24.19,676.0,41.2,37.6,True,irregular_reporting_interval;,0 days 00:00:00,0
SENS-08,2026-06-21 03:15:00,potting_soil,23.84,17.81,714.0,0.0,74.2,True,irregular_reporting_interval;,0 days 00:00:00,0
SENS-08,2026-06-21 05:00:00,potting_soil,23.39,18.43,685.0,0.0,71.3,True,irregular_reporting_interval;,0 days 00:00:00,0
SENS-08,2026-06-21 22:30:00,potting_soil,-1.93,19.69,727.0,0.0,52.0,True,soil_moisture_vwc_hard_range_violation;,0 days 00:15:00,0
